//POPOLAMENTO ARMADIETTO

insert into armadietto(numero_armadietto, capacita) values ('01', '05');
insert into armadietto(numero_armadietto, capacita) values ('02', '09');
insert into armadietto(numero_armadietto, capacita) values ('03', '08');
insert into armadietto(numero_armadietto, capacita) values ('04', '02');
insert into armadietto(numero_armadietto, capacita) values ('05', '10');
insert into armadietto(numero_armadietto, capacita) values ('06', '07');
insert into armadietto(numero_armadietto, capacita) values ('07', '03');
insert into armadietto(numero_armadietto, capacita) values ('08', '06');
insert into armadietto(numero_armadietto, capacita) values ('09', '01');
insert into armadietto(numero_armadietto, capacita) values ('10', '04');
insert into armadietto(numero_armadietto, capacita) values ('11', '10');
insert into armadietto(numero_armadietto, capacita) values ('12', '05');
insert into armadietto(numero_armadietto, capacita) values ('13', '02');
insert into armadietto(numero_armadietto, capacita) values ('14', '08');
insert into armadietto(numero_armadietto, capacita) values ('15', '06');
insert into armadietto(numero_armadietto, capacita) values ('16', '03');
insert into armadietto(numero_armadietto, capacita) values ('17', '09');
insert into armadietto(numero_armadietto, capacita) values ('18', '04');
insert into armadietto(numero_armadietto, capacita) values ('19', '01');
insert into armadietto(numero_armadietto, capacita) values ('20', '07');
insert into armadietto(numero_armadietto, capacita) values ('21', '05');
insert into armadietto(numero_armadietto, capacita) values ('22', '10');
insert into armadietto(numero_armadietto, capacita) values ('23', '02');
insert into armadietto(numero_armadietto, capacita) values ('24', '09');
insert into armadietto(numero_armadietto, capacita) values ('25', '06');
insert into armadietto(numero_armadietto, capacita) values ('26', 1);
insert into armadietto(numero_armadietto, capacita) values ('27', 2);
insert into armadietto(numero_armadietto, capacita) values ('28', 3);
insert into armadietto(numero_armadietto, capacita) values ('29', 4);
insert into armadietto(numero_armadietto, capacita) values ('30', 5);
insert into armadietto(numero_armadietto, capacita) values ('31', 6);
insert into armadietto(numero_armadietto, capacita) values ('32', 7);
insert into armadietto(numero_armadietto, capacita) values ('33', 8);
insert into armadietto(numero_armadietto, capacita) values ('34', 9);
insert into armadietto(numero_armadietto, capacita) values ('35', 10);
insert into armadietto(numero_armadietto, capacita) values ('36', 1);
insert into armadietto(numero_armadietto, capacita) values ('37', 2);
insert into armadietto(numero_armadietto, capacita) values ('38', 3);
insert into armadietto(numero_armadietto, capacita) values ('39', 4);
insert into armadietto(numero_armadietto, capacita) values ('40', 5);
insert into armadietto(numero_armadietto, capacita) values ('41', 6);
insert into armadietto(numero_armadietto, capacita) values ('42', 7);
insert into armadietto(numero_armadietto, capacita) values ('43', 8);
insert into armadietto(numero_armadietto, capacita) values ('44', 9);
insert into armadietto(numero_armadietto, capacita) values ('45', 10);
insert into armadietto(numero_armadietto, capacita) values ('46', 1);
insert into armadietto(numero_armadietto, capacita) values ('47', 2);
insert into armadietto(numero_armadietto, capacita) values ('48', 3);
insert into armadietto(numero_armadietto, capacita) values ('49', 4);
insert into armadietto(numero_armadietto, capacita) values ('50', 5);


//POPOLAMENTO SOCIO

insert into socio(codice_socio, nome, cognome, data_nascita, codice_fiscale, via, cap, citta) values ('SOC000001', 'Mario', 'Rossi', date '1990-05-15', 'RSSMRI90A15H234B', 'Via Roma 1', '80143', 'Napoli');
insert into socio(codice_socio, nome, cognome, data_nascita, codice_fiscale, via, cap, citta) values ('SOC000002', 'Giulia', 'Bianchi', date '1985-09-20', 'BNCGLI85P20H456C', 'Via Milano 2', '80145', 'Napoli');
insert into socio(codice_socio, nome, cognome, data_nascita, codice_fiscale, via, cap, citta) values ('SOC000004', 'Chiara', 'Mancini', date '1988-03-25', 'MNCCHR88C25H987E', 'Via Napoli 4', '80146', 'Napoli');
insert into socio(codice_socio, nome, cognome, data_nascita, codice_fiscale, via, cap, citta) values ('SOC000005', 'Marco', 'Serra', date '1995-01-05', 'SRRMRC95A05H654F', 'Via Firenze 5', '80147', 'Napoli');
insert into socio(codice_socio, nome, cognome, data_nascita, codice_fiscale, via, cap, citta) values ('SOC000006', 'Laura', 'Leone', date '1991-11-12', 'LNLALR91S12H321G', 'Via Bologna 6', '80148', 'Napoli');
insert into socio(codice_socio, nome, cognome, data_nascita, codice_fiscale, via, cap, citta) values ('SOC000008', 'Francesca', 'Galli', date '1993-06-30', 'GLLFRN93H30H876I', 'Via Genova 8', '80143', 'Napoli');
insert into socio(codice_socio, nome, cognome, data_nascita, codice_fiscale, via, cap, citta) values ('SOC000009', 'Matteo', 'Riva', date '1986-04-18', 'RVAMTT86D18H234J', 'Via Palermo 9', '80145', 'Napoli');
insert into socio(codice_socio, nome, cognome, data_nascita, codice_fiscale, via, cap, citta) values ('SOC000010', 'Giorgia', 'Marino', date '1994-02-10', 'MRNGRG94B10H567K', 'Via Catania 10', '80144', 'Napoli');
insert into socio(codice_socio, nome, cognome, data_nascita, codice_fiscale, via, cap, citta) values ('SOC000007', 'Simone', 'Bianchi', date '1987-08-08', 'BNCSSM87M08H543H', 'Via Torino 7', '80140', 'Napoli');
insert into socio(codice_socio, nome, cognome, data_nascita, codice_fiscale, via, cap, citta) values ('SOC000011', 'Alessandro', 'Santoro', date '1992-10-22', 'SNTRLSS92R22H890', 'Via Salerno 11', '80146', 'Napoli');
insert into socio(codice_socio, nome, cognome, data_nascita, codice_fiscale, via, cap, citta) values ('SOC000012', 'Sara', 'Gatti', date '1988-07-14', 'GTTSRA88L14H345M', 'Via Verona 12', '80147', 'Napoli');
insert into socio(codice_socio, nome, cognome, data_nascita, codice_fiscale, via, cap, citta) values ('SOC000013', 'Fabio', 'Lombardi', date '1984-05-28', 'LMBFBO84P28H678N', 'Via Padova 13', '80148', 'Napoli');
insert into socio(codice_socio, nome, cognome, data_nascita, codice_fiscale, via, cap, citta) values ('SOC000014', 'Eleonora', 'Fabbri', date '1997-03-03', 'FBBELN97C03H901O', 'Via Pisa 14', '80143', 'Napoli');
insert into socio(codice_socio, nome, cognome, data_nascita, codice_fiscale, via, cap, citta) values ('SOC000015', 'Giovanni', 'Rizzi', date '1990-01-17', 'RZZGVN90A17H234P', 'Via Roma 15', '80145', 'Napoli');
insert into socio(codice_socio, nome, cognome, data_nascita, codice_fiscale, via, cap, citta) values ('SOC000016', 'Stefania', 'Rossi', date '1986-11-11', 'RSSSTF86S11H567Q', 'Via Firenze 16', '80144', 'Napoli');
insert into socio(codice_socio, nome, cognome, data_nascita, codice_fiscale, via, cap, citta) values ('SOC000017', 'Carlo', 'Serra', date '1993-09-07', 'SRRCRL93P07H890R', 'Via Bologna 17', '80149', 'Napoli');
insert into socio(codice_socio, nome, cognome, data_nascita, codice_fiscale, via, cap, citta) values ('SOC000018', 'Roberta', 'Rinaldi', date '1988-06-23', 'RNLRTB88H23H123S', 'Via Napoli 18', '80147', 'Napoli');
insert into socio(codice_socio, nome, cognome, data_nascita, codice_fiscale, via, cap, citta) values ('SOC000019', 'Lorenzo', 'Marini', date '1995-04-12', 'MRNLZN95D12H456T', 'Via Milano 19', '80148', 'Napoli');
insert into socio(codice_socio, nome, cognome, data_nascita, codice_fiscale, via, cap, citta) values ('SOC000020', 'Martina', 'Pellegrini', date '1991-02-04', 'PLGMRT91B04H789U', 'Via Roma 20', '80143', 'Napoli');
insert into socio(codice_socio, nome, cognome, data_nascita, codice_fiscale, via, cap, citta) values ('SOC000021', 'Alessia', 'Ferrari', date '1987-12-16', 'FRRALS87T16H987V', 'Via Venezia 21', '80145', 'Napoli');
insert into socio(codice_socio, nome, cognome, data_nascita, codice_fiscale, via, cap, citta) values ('SOC000022', 'Giacomo', 'Serra', date '1994-10-29', 'SRRGCM94R29H321W', 'Via Napoli 22', '80144', 'Napoli');
insert into socio(codice_socio, nome, cognome, data_nascita, codice_fiscale, via, cap, citta) values ('SOC000023', 'Claudia', 'Rizzo', date '1989-08-25', 'RZZCLD89P25H654X', 'Via Firenze 23', '80146', 'Napoli');
insert into socio(codice_socio, nome, cognome, data_nascita, codice_fiscale, via, cap, citta) values ('SOC000024', 'Federico', 'Rinaldi', date '1996-06-07', 'RNLDFT96H07H876Y', 'Via Bologna 24', '80147', 'Napoli');
insert into socio(codice_socio, nome, cognome, data_nascita, codice_fiscale, via, cap, citta) values ('SOC000025', 'Alessandra', 'Fabbri', date '1992-04-30', 'FBBALS92E30H234Z', 'Via Milano 25', '80148', 'Napoli');
insert into socio(codice_socio, nome, cognome, data_nascita, codice_fiscale, via, cap, citta) values ('SOC000026', 'Matteo', 'Cattaneo', date '1987-03-17', 'CTTNMT87C17H567A', 'Via Genova 26', '80143', 'Napoli');
insert into socio(codice_socio, nome, cognome, data_nascita, codice_fiscale, via, cap, citta) values ('SOC000027', 'Silvia', 'Sartori', date '1993-01-09', 'SRTSLV93M09H890B', 'Via Torino 27', '80145', 'Napoli');
insert into socio(codice_socio, nome, cognome, data_nascita, codice_fiscale, via, cap, citta) values ('SOC000028', 'Ludovica', 'Longo', date '1988-11-21', 'LNGLDV88S21H345C', 'Via Verona 28', '80144', 'Napoli');
insert into socio(codice_socio, nome, cognome, data_nascita, codice_fiscale, via, cap, citta) values ('SOC000029', 'Andrea', 'Palmieri', date '1984-09-04', 'PLMADR84P04H678D', 'Via Padova 29', '80146', 'Napoli');
insert into socio(codice_socio, nome, cognome, data_nascita, codice_fiscale, via, cap, citta) values ('SOC000030', 'Camilla', 'Villa', date '1997-07-26', 'VLLCML97H26H901E', 'Via Pisa 30', '80147', 'Napoli');
insert into socio(codice_socio, nome, cognome, data_nascita, codice_fiscale, via, cap, citta) values ('SOC000031', 'Roberto', 'Rossi', date '1990-05-15', 'RSSRBT90A15H234F', 'Via Roma 31', '80148', 'Napoli');
insert into socio(codice_socio, nome, cognome, data_nascita, codice_fiscale, via, cap, citta) values ('SOC000032', 'Marta', 'Bianchi', date '1985-09-20', 'BNCMRT85P20H456G', 'Via Milano 32', '80143', 'Napoli');
insert into socio(codice_socio, nome, cognome, data_nascita, codice_fiscale, via, cap, citta) values ('SOC000033', 'Simone', 'Russo', date '1992-07-10', 'RSSSMN92L10H789H', 'Via Venezia 33', '80145', 'Napoli');
insert into socio(codice_socio, nome, cognome, data_nascita, codice_fiscale, via, cap, citta) values ('SOC000034', 'Elisa', 'Mancini', date '1988-03-25', 'MNCESA88C25H987I', 'Via Napoli 34', '80144', 'Napoli');
insert into socio(codice_socio, nome, cognome, data_nascita, codice_fiscale, via, cap, citta) values ('SOC000035', 'Davide', 'Serra', date '1995-01-05', 'SRRDVD95A05H654J', 'Via Firenze 35', '80146', 'Napoli');
insert into socio(codice_socio, nome, cognome, data_nascita, codice_fiscale, via, cap, citta) values ('SOC000036', 'Giorgia', 'Leone', date '1991-11-12', 'LNLGIA91S12H321K', 'Via Bologna 36', '80147', 'Napoli');
insert into socio(codice_socio, nome, cognome, data_nascita, codice_fiscale, via, cap, citta) values ('SOC000037', 'Riccardo', 'Bianchi', date '1987-08-08', 'BNCRCD87M08H543L', 'Via Torino 37', '80148', 'Napoli');
insert into socio(codice_socio, nome, cognome, data_nascita, codice_fiscale, via, cap, citta) values ('SOC000038', 'Francesca', 'Galli', date '1993-06-30', 'GLLFRN93H30H876M', 'Via Genova 38', '80143', 'Napoli');
insert into socio(codice_socio, nome, cognome, data_nascita, codice_fiscale, via, cap, citta) values ('SOC000039', 'Matteo', 'Riva', date '1986-04-18', 'RVMMTT86D18H234N', 'Via Palermo 39', '80145', 'Napoli');
insert into socio(codice_socio, nome, cognome, data_nascita, codice_fiscale, via, cap, citta) values ('SOC000040', 'Giulia', 'Marino', date '1994-02-10', 'MRNGLI94B10H567O', 'Via Catania 40', '80144', 'Napoli');
insert into socio(codice_socio, nome, cognome, data_nascita, codice_fiscale, via, cap, citta) values ('SOC000042', 'Sara', 'Gatti', date '1988-07-14', 'GTTSRA88L14H345Q', 'Via Verona 42', '80147', 'Napoli');
insert into socio(codice_socio, nome, cognome, data_nascita, codice_fiscale, via, cap, citta) values ('SOC000043', 'Fabio', 'Lombardi', date '1984-05-28', 'LMBFBO84P28H678R', 'Via Padova 43', '80148', 'Napoli');
insert into socio(codice_socio, nome, cognome, data_nascita, codice_fiscale, via, cap, citta) values ('SOC000044', 'Sabino', 'Malese', date '1985-05-15', 'MLSSBN85E15F839L', 'Via Roma 44', '80144', 'Napoli');



//POPOLAMENTO ABBONAMENTO

insert into abbonamento(codice_abbonamento, data_inizio_abb, costo, scadenza, codice_socio_abb, numero_armadietto_abb) values ('AB0000001', date '2023-01-01', 50, date '2023-01-31', 'SOC000001', '01');
insert into abbonamento(codice_abbonamento, data_inizio_abb, costo, scadenza, codice_socio_abb, numero_armadietto_abb) values ('AB0000002', date '2023-01-01', 120, date '2023-03-31', 'SOC000002', '02');
insert into abbonamento(codice_abbonamento, data_inizio_abb, costo, scadenza, codice_socio_abb, numero_armadietto_abb) values ('AB0000003', date '2023-01-01', 250, date '2023-06-30', 'SOC000004', '03');
insert into abbonamento(codice_abbonamento, data_inizio_abb, costo, scadenza, codice_socio_abb, numero_armadietto_abb) values ('AB0000004', date '2023-01-01', 450, date '2023-12-31', 'SOC000005', '04');
insert into abbonamento(codice_abbonamento, data_inizio_abb, costo, scadenza, codice_socio_abb, numero_armadietto_abb) values ('AB0000005', date '2023-01-01', 750, date '2024-12-31', 'SOC000006', '05');
insert into abbonamento(codice_abbonamento, data_inizio_abb, costo, scadenza, codice_socio_abb, numero_armadietto_abb) values ('AB0000006', date '2023-02-01', 50, date '2023-02-28', 'SOC000008', '06');
insert into abbonamento(codice_abbonamento, data_inizio_abb, costo, scadenza, codice_socio_abb, numero_armadietto_abb) values ('AB0000007', date '2023-02-01', 120, date '2023-04-30', 'SOC000009', '07');
insert into abbonamento(codice_abbonamento, data_inizio_abb, costo, scadenza, codice_socio_abb, numero_armadietto_abb) values ('AB0000008', date '2023-02-01', 250, date '2023-07-31', 'SOC000010', '08');
insert into abbonamento(codice_abbonamento, data_inizio_abb, costo, scadenza, codice_socio_abb, numero_armadietto_abb) values ('AB0000009', date '2023-02-01', 450, date '2023-12-31', 'SOC000007', '09');
insert into abbonamento(codice_abbonamento, data_inizio_abb, costo, scadenza, codice_socio_abb, numero_armadietto_abb) values ('AB0000010', date '2023-02-01', 750, date '2025-01-31', 'SOC000011', '10');
insert into abbonamento(codice_abbonamento, data_inizio_abb, costo, scadenza, codice_socio_abb, numero_armadietto_abb) values ('AB0000011', date '2023-03-01', 50, date '2023-03-31', 'SOC000012', '11');
insert into abbonamento(codice_abbonamento, data_inizio_abb, costo, scadenza, codice_socio_abb, numero_armadietto_abb) values ('AB0000012', date '2023-03-01', 120, date '2023-05-31', 'SOC000013', '12');
insert into abbonamento(codice_abbonamento, data_inizio_abb, costo, scadenza, codice_socio_abb, numero_armadietto_abb) values ('AB0000013', date '2023-03-01', 250, date '2023-08-31', 'SOC000014', '13');
insert into abbonamento(codice_abbonamento, data_inizio_abb, costo, scadenza, codice_socio_abb, numero_armadietto_abb) values ('AB0000014', date '2023-03-01', 450, date '2023-12-31', 'SOC000015', '14');
insert into abbonamento(codice_abbonamento, data_inizio_abb, costo, scadenza, codice_socio_abb, numero_armadietto_abb) values ('AB0000016', date '2023-04-01', 50, date '2023-04-30', 'SOC000017', '16');
insert into abbonamento(codice_abbonamento, data_inizio_abb, costo, scadenza, codice_socio_abb, numero_armadietto_abb) values ('AB0000017', date '2023-04-01', 120, date '2023-06-30', 'SOC000018', '17');
insert into abbonamento(codice_abbonamento, data_inizio_abb, costo, scadenza, codice_socio_abb, numero_armadietto_abb) values ('AB0000018', date '2023-04-01', 250, date '2023-09-30', 'SOC000019', '18');
insert into abbonamento(codice_abbonamento, data_inizio_abb, costo, scadenza, codice_socio_abb, numero_armadietto_abb) values ('AB0000019', date '2023-04-01', 450, date '2023-12-31', 'SOC000020', '19');
insert into abbonamento(codice_abbonamento, data_inizio_abb, costo, scadenza, codice_socio_abb, numero_armadietto_abb) values ('AB0000020', date '2023-04-01', 750, date '2025-03-31', 'SOC000021', '20');
insert into abbonamento(codice_abbonamento, data_inizio_abb, costo, scadenza, codice_socio_abb, numero_armadietto_abb) values ('AB0000021', date '2023-05-01', 50, date '2023-05-31', 'SOC000022', '21');
insert into abbonamento(codice_abbonamento, data_inizio_abb, costo, scadenza, codice_socio_abb, numero_armadietto_abb) values ('AB0000022', date '2023-05-01', 120, date '2023-07-31', 'SOC000023', '22');
insert into abbonamento(codice_abbonamento, data_inizio_abb, costo, scadenza, codice_socio_abb, numero_armadietto_abb) values ('AB0000023', date '2023-05-01', 250, date '2023-10-31', 'SOC000024', '23');
insert into abbonamento(codice_abbonamento, data_inizio_abb, costo, scadenza, codice_socio_abb, numero_armadietto_abb) values ('AB0000024', date '2023-05-01', 450, date '2023-12-31', 'SOC000025', '24');
insert into abbonamento(codice_abbonamento, data_inizio_abb, costo, scadenza, codice_socio_abb, numero_armadietto_abb) values ('AB0000025', date '2023-05-01', 750, date '2025-04-30', 'SOC000026', '25');
insert into abbonamento(codice_abbonamento, data_inizio_abb, costo, scadenza, codice_socio_abb, numero_armadietto_abb) values ('AB0000026', date '2023-06-01', 50, date '2023-06-30', 'SOC000027', '26');
insert into abbonamento(codice_abbonamento, data_inizio_abb, costo, scadenza, codice_socio_abb, numero_armadietto_abb) values ('AB0000027', date '2023-06-01', 120, date '2023-08-31', 'SOC000028', '27');
insert into abbonamento(codice_abbonamento, data_inizio_abb, costo, scadenza, codice_socio_abb, numero_armadietto_abb) values ('AB0000028', date '2023-06-01', 250, date '2023-11-30', 'SOC000029', '28');
insert into abbonamento(codice_abbonamento, data_inizio_abb, costo, scadenza, codice_socio_abb, numero_armadietto_abb) values ('AB0000029', date '2023-06-01', 450, date '2023-12-31', 'SOC000030', '29');
insert into abbonamento(codice_abbonamento, data_inizio_abb, costo, scadenza, codice_socio_abb, numero_armadietto_abb) values ('AB0000030', date '2023-06-01', 750, date '2025-05-31', 'SOC000031', '30');
insert into abbonamento(codice_abbonamento, data_inizio_abb, costo, scadenza, codice_socio_abb, numero_armadietto_abb) values ('AB0000031', date '2023-07-01', 50, date '2023-07-31', 'SOC000032', '31');
insert into abbonamento(codice_abbonamento, data_inizio_abb, costo, scadenza, codice_socio_abb, numero_armadietto_abb) values ('AB0000032', date '2023-07-01', 120, date '2023-09-30', 'SOC000033', '32');
insert into abbonamento(codice_abbonamento, data_inizio_abb, costo, scadenza, codice_socio_abb, numero_armadietto_abb) values ('AB0000033', date '2023-07-01', 250, date '2023-12-31', 'SOC000034', '33');
insert into abbonamento(codice_abbonamento, data_inizio_abb, costo, scadenza, codice_socio_abb, numero_armadietto_abb) values ('AB0000034', date '2023-07-01', 450, date '2023-12-31', 'SOC000035', '34');
insert into abbonamento(codice_abbonamento, data_inizio_abb, costo, scadenza, codice_socio_abb, numero_armadietto_abb) values ('AB0000035', date '2023-07-01', 750, date '2025-06-30', 'SOC000036', '35');
insert into abbonamento(codice_abbonamento, data_inizio_abb, costo, scadenza, codice_socio_abb, numero_armadietto_abb) values ('AB0000036', date '2023-08-01', 50, date '2023-08-31', 'SOC000037', '36');
insert into abbonamento(codice_abbonamento, data_inizio_abb, costo, scadenza, codice_socio_abb, numero_armadietto_abb) values ('AB0000037', date '2023-08-01', 120, date '2023-10-31', 'SOC000038', '37');
insert into abbonamento(codice_abbonamento, data_inizio_abb, costo, scadenza, codice_socio_abb, numero_armadietto_abb) values ('AB0000038', date '2023-08-01', 250, date '2023-10-31', 'SOC000039', '38');
insert into abbonamento(codice_abbonamento, data_inizio_abb, costo, scadenza, codice_socio_abb, numero_armadietto_abb) values ('AB0000039', date '2023-08-01', 450, date '2023-12-31', 'SOC000040', '39');
insert into abbonamento(codice_abbonamento, data_inizio_abb, costo, scadenza, codice_socio_abb, numero_armadietto_abb) values ('AB0000040', date '2023-08-01', 750, date '2025-07-31', 'SOC000042', '40');
insert into abbonamento(codice_abbonamento, data_inizio_abb, costo, scadenza, codice_socio_abb, numero_armadietto_abb) values ('AB0000041', date '2023-09-01', 50, date '2023-09-30', 'SOC000043', '41');
insert into abbonamento(codice_abbonamento, data_inizio_abb, costo, scadenza, codice_socio_abb, numero_armadietto_abb) values ('AB0000042', date '2023-09-01', 120, date '2023-11-30', 'SOC000044', '42');
insert into abbonamento(codice_abbonamento, data_inizio_abb, costo, scadenza, codice_socio_abb, numero_armadietto_abb) values ('AB0000015', date '2023-03-01', 750, date '2025-02-28', 'SOC000016', '15');


//POPOLAMENTO ATTIVITA

insert into attivita(codice_attivita, nome_attivita, equip_richiesto) values ('A00000001', 'Fitness', 'Tappetino');
insert into attivita(codice_attivita, nome_attivita, equip_richiesto) values ('A00000002', 'Attivita acquatiche', 'Costume');
insert into attivita(codice_attivita, nome_attivita, equip_richiesto) values ('A00000003', 'Arti marziali', 'Kimono');
insert into attivita(codice_attivita, nome_attivita, equip_richiesto) values ('A00000004', 'Combattimento', 'Paradenti');
insert into attivita(codice_attivita, nome_attivita, equip_richiesto) values ('A00000005', 'Sport di squadra', 'Scarpini');
insert into attivita(codice_attivita, nome_attivita, equip_richiesto) values ('A00000006', 'Sport individuali', 'Racchetta');
insert into attivita(codice_attivita, nome_attivita, equip_richiesto) values ('A00000007', 'Danza', 'Tutina');


//POPOLAMENTO INTERESSA

insert into interessa(codice_attivita_int, codice_socio_int) values ('A00000001', 'SOC000001');
insert into interessa(codice_attivita_int, codice_socio_int) values ('A00000002', 'SOC000001');
insert into interessa(codice_attivita_int, codice_socio_int) values ('A00000003', 'SOC000002');
insert into interessa(codice_attivita_int, codice_socio_int) values ('A00000004', 'SOC000002');
insert into interessa(codice_attivita_int, codice_socio_int) values ('A00000005', 'SOC000004');
insert into interessa(codice_attivita_int, codice_socio_int) values ('A00000006', 'SOC000004');
insert into interessa(codice_attivita_int, codice_socio_int) values ('A00000007', 'SOC000005');
insert into interessa(codice_attivita_int, codice_socio_int) values ('A00000001', 'SOC000005');
insert into interessa(codice_attivita_int, codice_socio_int) values ('A00000002', 'SOC000008');
insert into interessa(codice_attivita_int, codice_socio_int) values ('A00000003', 'SOC000008');
insert into interessa(codice_attivita_int, codice_socio_int) values ('A00000004', 'SOC000009');
insert into interessa(codice_attivita_int, codice_socio_int) values ('A00000005', 'SOC000009');
insert into interessa(codice_attivita_int, codice_socio_int) values ('A00000006', 'SOC000010');
insert into interessa(codice_attivita_int, codice_socio_int) values ('A00000007', 'SOC000010');
insert into interessa(codice_attivita_int, codice_socio_int) values ('A00000001', 'SOC000007');
insert into interessa(codice_attivita_int, codice_socio_int) values ('A00000002', 'SOC000007');
insert into interessa(codice_attivita_int, codice_socio_int) values ('A00000003', 'SOC000011');
insert into interessa(codice_attivita_int, codice_socio_int) values ('A00000004', 'SOC000011');
insert into interessa(codice_attivita_int, codice_socio_int) values ('A00000005', 'SOC000012');
insert into interessa(codice_attivita_int, codice_socio_int) values ('A00000006', 'SOC000012');
insert into interessa(codice_attivita_int, codice_socio_int) values ('A00000007', 'SOC000013');
insert into interessa(codice_attivita_int, codice_socio_int) values ('A00000001', 'SOC000013');
insert into interessa(codice_attivita_int, codice_socio_int) values ('A00000002', 'SOC000014');
insert into interessa(codice_attivita_int, codice_socio_int) values ('A00000003', 'SOC000014');
insert into interessa(codice_attivita_int, codice_socio_int) values ('A00000004', 'SOC000015');
insert into interessa(codice_attivita_int, codice_socio_int) values ('A00000005', 'SOC000015');
insert into interessa(codice_attivita_int, codice_socio_int) values ('A00000006', 'SOC000016');
insert into interessa(codice_attivita_int, codice_socio_int) values ('A00000007', 'SOC000016');
insert into interessa(codice_attivita_int, codice_socio_int) values ('A00000001', 'SOC000017');
insert into interessa(codice_attivita_int, codice_socio_int) values ('A00000002', 'SOC000017');
insert into interessa(codice_attivita_int, codice_socio_int) values ('A00000003', 'SOC000018');
insert into interessa(codice_attivita_int, codice_socio_int) values ('A00000004', 'SOC000018');
insert into interessa(codice_attivita_int, codice_socio_int) values ('A00000005', 'SOC000019');
insert into interessa(codice_attivita_int, codice_socio_int) values ('A00000006', 'SOC000019');
insert into interessa(codice_attivita_int, codice_socio_int) values ('A00000007', 'SOC000020');
insert into interessa(codice_attivita_int, codice_socio_int) values ('A00000001', 'SOC000020');
insert into interessa(codice_attivita_int, codice_socio_int) values ('A00000002', 'SOC000021');
insert into interessa(codice_attivita_int, codice_socio_int) values ('A00000003', 'SOC000021');
insert into interessa(codice_attivita_int, codice_socio_int) values ('A00000004', 'SOC000022');
insert into interessa(codice_attivita_int, codice_socio_int) values ('A00000005', 'SOC000022');
insert into interessa(codice_attivita_int, codice_socio_int) values ('A00000006', 'SOC000023');
insert into interessa(codice_attivita_int, codice_socio_int) values ('A00000007', 'SOC000023');
insert into interessa(codice_attivita_int, codice_socio_int) values ('A00000001', 'SOC000024');
insert into interessa(codice_attivita_int, codice_socio_int) values ('A00000002', 'SOC000024');
insert into interessa(codice_attivita_int, codice_socio_int) values ('A00000003', 'SOC000025');
insert into interessa(codice_attivita_int, codice_socio_int) values ('A00000004', 'SOC000025');
insert into interessa(codice_attivita_int, codice_socio_int) values ('A00000005', 'SOC000026');
insert into interessa(codice_attivita_int, codice_socio_int) values ('A00000006', 'SOC000026');
insert into interessa(codice_attivita_int, codice_socio_int) values ('A00000007', 'SOC000027');
insert into interessa(codice_attivita_int, codice_socio_int) values ('A00000001', 'SOC000027');
insert into interessa(codice_attivita_int, codice_socio_int) values ('A00000002', 'SOC000028');
insert into interessa(codice_attivita_int, codice_socio_int) values ('A00000003', 'SOC000028');
insert into interessa(codice_attivita_int, codice_socio_int) values ('A00000004', 'SOC000029');
insert into interessa(codice_attivita_int, codice_socio_int) values ('A00000005', 'SOC000029');
insert into interessa(codice_attivita_int, codice_socio_int) values ('A00000006', 'SOC000030');
insert into interessa(codice_attivita_int, codice_socio_int) values ('A00000007', 'SOC000030');
insert into interessa(codice_attivita_int, codice_socio_int) values ('A00000001', 'SOC000031');
insert into interessa(codice_attivita_int, codice_socio_int) values ('A00000002', 'SOC000031');
insert into interessa(codice_attivita_int, codice_socio_int) values ('A00000003', 'SOC000032');
insert into interessa(codice_attivita_int, codice_socio_int) values ('A00000004', 'SOC000032');
insert into interessa(codice_attivita_int, codice_socio_int) values ('A00000005', 'SOC000033');
insert into interessa(codice_attivita_int, codice_socio_int) values ('A00000006', 'SOC000033');
insert into interessa(codice_attivita_int, codice_socio_int) values ('A00000007', 'SOC000034');
insert into interessa(codice_attivita_int, codice_socio_int) values ('A00000001', 'SOC000034');
insert into interessa(codice_attivita_int, codice_socio_int) values ('A00000002', 'SOC000035');
insert into interessa(codice_attivita_int, codice_socio_int) values ('A00000003', 'SOC000035');
insert into interessa(codice_attivita_int, codice_socio_int) values ('A00000004', 'SOC000036');
insert into interessa(codice_attivita_int, codice_socio_int) values ('A00000005', 'SOC000036');
insert into interessa(codice_attivita_int, codice_socio_int) values ('A00000006', 'SOC000037');
insert into interessa(codice_attivita_int, codice_socio_int) values ('A00000007', 'SOC000037');
insert into interessa(codice_attivita_int, codice_socio_int) values ('A00000001', 'SOC000038');
insert into interessa(codice_attivita_int, codice_socio_int) values ('A00000002', 'SOC000038');
insert into interessa(codice_attivita_int, codice_socio_int) values ('A00000003', 'SOC000039');
insert into interessa(codice_attivita_int, codice_socio_int) values ('A00000004', 'SOC000039');
insert into interessa(codice_attivita_int, codice_socio_int) values ('A00000005', 'SOC000040');
insert into interessa(codice_attivita_int, codice_socio_int) values ('A00000006', 'SOC000040');
insert into interessa(codice_attivita_int, codice_socio_int) values ('A00000007', 'SOC000042');
insert into interessa(codice_attivita_int, codice_socio_int) values ('A00000001', 'SOC000042');
insert into interessa(codice_attivita_int, codice_socio_int) values ('A00000002', 'SOC000043');
insert into interessa(codice_attivita_int, codice_socio_int) values ('A00000003', 'SOC000043');
insert into interessa(codice_attivita_int, codice_socio_int) values ('A00000004', 'SOC000044');
insert into interessa(codice_attivita_int, codice_socio_int) values ('A00000005', 'SOC000044');
insert into interessa(codice_attivita_int, codice_socio_int) values ('A00000006', 'SOC000006');
insert into interessa(codice_attivita_int, codice_socio_int) values ('A00000007', 'SOC000006');


//POPOLAMENTO CORSO

insert into corso(nome_corso, data_inizio_c, data_fine_c, giorno, ora, istruttore_corso, costo) values ('Zumba', date '2022-07-10', date '2022-08-15', 'Lunedi', to_timestamp('18:00', 'hh24:mi'), 'Rossi', 50);
insert into corso(nome_corso, data_inizio_c, data_fine_c, giorno, ora, istruttore_corso, costo) values ('Pilates', date '2022-07-15', date '2022-08-20', 'Sabato', to_timestamp('10:30', 'hh24:mi'), 'Bianchi', 60);
insert into corso(nome_corso, data_inizio_c, data_fine_c, giorno, ora, istruttore_corso, costo) values ('Crossfit', date '2022-08-01', date '2022-09-05', 'Lunedi', to_timestamp('19:30', 'hh24:mi'), 'Ferrari', 80);
insert into corso(nome_corso, data_inizio_c, data_fine_c, giorno, ora, istruttore_corso, costo) values ('Spinning', date '2022-08-05', date '2022-09-09', 'Venerdi', to_timestamp('17:30', 'hh24:mi'), 'Neri', 55);
insert into corso(nome_corso, data_inizio_c, data_fine_c, giorno, ora, istruttore_corso, costo) values ('Ginnastica posturale', date '2022-09-01', date '2022-10-06', 'Venerdi', to_timestamp('09:30', 'hh24:mi'), 'Verdi', 45);
insert into corso(nome_corso, data_inizio_c, data_fine_c, giorno, ora, istruttore_corso, costo) values ('Nuoto', date '2022-09-05', date '2022-10-10', 'Lunedi', to_timestamp('16:00', 'hh24:mi'), 'Russo', 70);
insert into corso(nome_corso, data_inizio_c, data_fine_c, giorno, ora, istruttore_corso, costo) values ('Acquagym', date ' 2022-10-02', date '2022-11-06', 'Domenica', to_timestamp('11:00', 'hh24:mi'), 'Martini', 55);
insert into corso(nome_corso, data_inizio_c, data_fine_c, giorno, ora, istruttore_corso, costo) values ('Acquafitness', date '2022-10-10', date '2022-11-14', 'Lunedi', to_timestamp('20:00', 'hh24:mi'), 'Rizzo', 60);
insert into corso(nome_corso, data_inizio_c, data_fine_c, giorno, ora, istruttore_corso, costo) values ('Idrobike', date '2022-11-03', date '2022-12-08', 'Giovedi', to_timestamp('18:30', 'hh24:mi'), 'Esposito', 65);
insert into corso(nome_corso, data_inizio_c, data_fine_c, giorno, ora, istruttore_corso, costo) values ('Nuoto sincronizzato', date '2022-11-07', date '2022-12-12', 'Lunedi', to_timestamp('10:00', 'hh24:mi'), 'Romano', 75);
insert into corso(nome_corso, data_inizio_c, data_fine_c, giorno, ora, istruttore_corso, costo) values ('Karate', date '2022-11-15', date '2022-12-20', 'Martedi', to_timestamp('19:30', 'hh24:mi'), 'De Luca', 70);
insert into corso(nome_corso, data_inizio_c, data_fine_c, giorno, ora, istruttore_corso, costo) values ('Judo', date '2022-12-01', date '2023-01-05', 'Giovedi', to_timestamp('17:30', 'hh24:mi'), 'Colombo', 65);
insert into corso(nome_corso, data_inizio_c, data_fine_c, giorno, ora, istruttore_corso, costo) values ('Taekwondo', date '2022-12-05', date '2023-01-09', 'Lunedi', to_timestamp('19:00', 'hh24:mi'), 'Costa', 70);
insert into corso(nome_corso, data_inizio_c, data_fine_c, giorno, ora, istruttore_corso, costo) values ('Boxe', date ' 2022-12-12', date '2023-01-16', 'Giovedi', to_timestamp('20:30', 'hh24:mi'), 'Ricci', 75);
insert into corso(nome_corso, data_inizio_c, data_fine_c, giorno, ora, istruttore_corso, costo) values ('Kickboxing', date '2022-12-15', date '2023-01-19', 'Venerdi', to_timestamp('18:00', 'hh24:mi'), 'Cattaneo', 80);
insert into corso(nome_corso, data_inizio_c, data_fine_c, giorno, ora, istruttore_corso, costo) values ('Krav maga', date '2023-01-02', date '2023-02-06', 'Lunedi', to_timestamp('21:00', 'hh24:mi'), 'Barbieri', 85);
insert into corso(nome_corso, data_inizio_c, data_fine_c, giorno, ora, istruttore_corso, costo) values ('Calcio', date '2023-01-10', date ' 2023-02-14', 'Martedi', to_timestamp('15:00', 'hh24:mi'), 'Gatti', 50);
insert into corso(nome_corso, data_inizio_c, data_fine_c, giorno, ora, istruttore_corso, costo) values ('Pallavolo', date '2023-02-01', date '2023-03-06', 'Lunedi', to_timestamp('20:00', 'hh24:mi'), 'Moretti', 55);
insert into corso(nome_corso, data_inizio_c, data_fine_c, giorno, ora, istruttore_corso, costo) values ('Basket', date ' 2023-02-05', date '2023-03-10', 'Sabato', to_timestamp('16:00', 'hh24:mi'), 'Serra', 60);
insert into corso(nome_corso, data_inizio_c, data_fine_c, giorno, ora, istruttore_corso, costo) values ('Tennis', date '2023-02-15', date '2023-03-19', 'Mercoledi', to_timestamp('17:00', 'hh24:mi'), 'Rinaldi', 40);
insert into corso(nome_corso, data_inizio_c, data_fine_c, giorno, ora, istruttore_corso, costo) values ('Padel', date '2023-03-02', date '2023-04-06', 'Giovedi', to_timestamp('18:30', 'hh24:mi'), 'Marini', 35);
insert into corso(nome_corso, data_inizio_c, data_fine_c, giorno, ora, istruttore_corso, costo) values ('Ping pong', date '2023-03-05', date '2023-04-09', 'Domenica', to_timestamp('12:00', 'hh24:mi'), 'De Santis', 35);
insert into corso(nome_corso, data_inizio_c, data_fine_c, giorno, ora, istruttore_corso, costo) values ('Danza classica', date '2023-03-15', date '2023-04-19', 'Mercoledi', to_timestamp('18:00', 'hh24:mi'), 'Vitale', 30);
insert into corso(nome_corso, data_inizio_c, data_fine_c, giorno, ora, istruttore_corso, costo) values ('Danza moderna', date '2023-03-20', date '2023-04-24', 'Lunedi', to_timestamp('19:30', 'hh24:mi'), 'Monti', 65);
insert into corso(nome_corso, data_inizio_c, data_fine_c, giorno, ora, istruttore_corso, costo) values ('Hip hop', date '2023-04-01', date '2023-05-06', 'Sabato', to_timestamp('20:00', 'hh24:mi'), 'Ferrara', 55);
insert into corso(nome_corso, data_inizio_c, data_fine_c, giorno, ora, istruttore_corso, costo) values ('Salsa', date '2023-04-05', date '2023-05-10', 'Mercoledi', to_timestamp('21:00', 'hh24:mi'), 'Bernardi', 50);
insert into corso(nome_corso, data_inizio_c, data_fine_c, giorno, ora, istruttore_corso, costo) values ('Bachata', date '2023-04-12', date '2023-05-17', 'Mercoledi', to_timestamp('20:30', 'hh24:mi'), 'Stella', 55);
insert into corso(nome_corso, data_inizio_c, data_fine_c, giorno, ora, istruttore_corso, costo) values ('Tango', date '2023-05-01', date '2023-06-05', 'Lunedi', to_timestamp('19:00', 'hh24:mi'), 'Romano', 60);
insert into corso(nome_corso, data_inizio_c, data_fine_c, giorno, ora, istruttore_corso, costo) values ('Pole dance', date '2023-05-05', date '2023-06-09', 'Venerdi', to_timestamp('18:00', 'hh24:mi'), 'Gennaro', 70);


//IMPIANTO

insert into impianto(nome_impianto, copertura, tipo) values ('Michael Jordan', 'Aperto', 'Basket');
insert into impianto(nome_impianto, copertura, tipo) values ('Diego Armando Maradona', 'Chiuso', 'Calcio');
insert into impianto(nome_impianto, copertura, tipo) values ('Roger Federer', 'Aperto', 'Tennis');
insert into impianto(nome_impianto, copertura, tipo) values ('Ivan Zaitsev', 'Aperto', 'Pallavolo');
insert into impianto(nome_impianto, copertura, tipo) values ('Francisco Navarro', 'Chiuso', 'Padel');
insert into impianto(nome_impianto, copertura, tipo) values ('LeBron James', 'Aperto', 'Basket');
insert into impianto(nome_impianto, copertura, tipo) values ('Lionel Messi', 'Chiuso', 'Calcio');
insert into impianto(nome_impianto, copertura, tipo) values ('Rafael Nadal', 'Aperto', 'Tennis');
insert into impianto(nome_impianto, copertura, tipo) values ('Misty May-Treanor', 'Aperto', 'Pallavolo');
insert into impianto(nome_impianto, copertura, tipo) values ('Fernando Belasteguin', 'Chiuso', 'Padel');
insert into impianto(nome_impianto, copertura, tipo) values ('Kobe Bryant', 'Aperto', 'Basket');
insert into impianto(nome_impianto, copertura, tipo) values ('Cristiano Ronaldo', 'Chiuso', 'Calcio');
insert into impianto(nome_impianto, copertura, tipo) values ('Novak Djokovic', 'Aperto', 'Tennis');
insert into impianto(nome_impianto, copertura, tipo) values ('Zhu Ting', 'Aperto', 'Pallavolo');
insert into impianto(nome_impianto, copertura, tipo) values ('Alejandro Galan', 'Chiuso', 'Padel');
insert into impianto(nome_impianto, copertura, tipo) values ('Mike Tyson', 'Aperto', 'Boxe');


//PRENOTAZIONE

insert into prenotazione(data_pren, ora_pren, costo_pren, codice_socio_pren, nome_impianto_pren) values (date '2023-01-05', to_timestamp('14:30', 'hh24:mi'), 35, 'SOC000001', 'Michael Jordan');
insert into prenotazione(data_pren, ora_pren, costo_pren, codice_socio_pren, nome_impianto_pren) values (date '2023-01-10', to_timestamp('09:00', 'hh24:mi'), 70, 'SOC000002', 'Diego Armando Maradona');
insert into prenotazione(data_pren, ora_pren, costo_pren, codice_socio_pren, nome_impianto_pren) values (date'2023-01-15', to_timestamp('16:45', 'hh24:mi'), 25, 'SOC000004', 'Roger Federer');
insert into prenotazione(data_pren, ora_pren, costo_pren, codice_socio_pren, nome_impianto_pren) values (date '2023-01-22', to_timestamp('11:30', 'hh24:mi'), 20, 'SOC000005', 'Ivan Zaitsev');
insert into prenotazione(data_pren, ora_pren, costo_pren, codice_socio_pren, nome_impianto_pren) values (date '2023-02-05', to_timestamp('14:00', 'hh24:mi'), 30, 'SOC000006', 'Francisco Navarro');
insert into prenotazione(data_pren, ora_pren, costo_pren, codice_socio_pren, nome_impianto_pren) values (date '2023-02-10', to_timestamp('10:15', 'hh24:mi'), 35, 'SOC000008', 'LeBron James');
insert into prenotazione(data_pren, ora_pren, costo_pren, codice_socio_pren, nome_impianto_pren) values (date '2023-02-15', to_timestamp('17:30', 'hh24:mi'), 80, 'SOC000009', 'Lionel Messi');
insert into prenotazione(data_pren, ora_pren, costo_pren, codice_socio_pren, nome_impianto_pren) values (date '2023-02-22', to_timestamp('13:45', 'hh24:mi'), 20, 'SOC000010', 'Rafael Nadal');
insert into prenotazione(data_pren, ora_pren, costo_pren, codice_socio_pren, nome_impianto_pren) values (date '2023-03-05', to_timestamp('11:00', 'hh24:mi'), 15, 'SOC000007', 'Misty May-Treanor');
insert into prenotazione(data_pren, ora_pren, costo_pren, codice_socio_pren, nome_impianto_pren) values (date '2023-03-10', to_timestamp('08:15', 'hh24:mi'), 30, 'SOC000011', 'Fernando Belasteguin');
insert into prenotazione(data_pren, ora_pren, costo_pren, codice_socio_pren, nome_impianto_pren) values (date '2023-03-15', to_timestamp('15:30', 'hh24:mi'), 35, 'SOC000012', 'Kobe Bryant');
insert into prenotazione(data_pren, ora_pren, costo_pren, codice_socio_pren, nome_impianto_pren) values (date '2023-03-22', to_timestamp('12:45', 'hh24:mi'), 70, 'SOC000013', 'Cristiano Ronaldo');
insert into prenotazione(data_pren, ora_pren, costo_pren, codice_socio_pren, nome_impianto_pren) values (date '2023-04-05', to_timestamp('14:30', 'hh24:mi'), 25, 'SOC000014', 'Novak Djokovic');
insert into prenotazione(data_pren, ora_pren, costo_pren, codice_socio_pren, nome_impianto_pren) values (date '2023-04-10', to_timestamp('09:00', 'hh24:mi'), 15, 'SOC000015', 'Zhu Ting');
insert into prenotazione(data_pren, ora_pren, costo_pren, codice_socio_pren, nome_impianto_pren) values (date '2023-04-15', to_timestamp('16:45', 'hh24:mi'), 30, 'SOC000016', 'Alejandro Galan');
insert into prenotazione(data_pren, ora_pren, costo_pren, codice_socio_pren, nome_impianto_pren) values (date '2023-04-22', to_timestamp('11:30', 'hh24:mi'), 40, 'SOC000017', 'Mike Tyson');
insert into prenotazione(data_pren, ora_pren, costo_pren, codice_socio_pren, nome_impianto_pren) values (date '2023-05-05', to_timestamp('14:00', 'hh24:mi'), 35, 'SOC000018', 'Michael Jordan');
insert into prenotazione(data_pren, ora_pren, costo_pren, codice_socio_pren, nome_impianto_pren) values (date '2023-05-10', to_timestamp('10:15', 'hh24:mi'), 70, 'SOC000019', 'Diego Armando Maradona');
insert into prenotazione(data_pren, ora_pren, costo_pren, codice_socio_pren, nome_impianto_pren) values (date '2023-05-15', to_timestamp('17:30', 'hh24:mi'), 25, 'SOC000020', 'Roger Federer');
insert into prenotazione(data_pren, ora_pren, costo_pren, codice_socio_pren, nome_impianto_pren) values (date '2023-05-22', to_timestamp('13:45', 'hh24:mi'), 20, 'SOC000021', 'Ivan Zaitsev');
insert into prenotazione(data_pren, ora_pren, costo_pren, codice_socio_pren, nome_corso_pren) values (date '2023-07-07', to_timestamp('15:30', 'HH24:MI'), 60, 'SOC000001', 'Zumba');
insert into prenotazione(data_pren, ora_pren, costo_pren, codice_socio_pren, nome_corso_pren) values (date '2023-07-08', to_timestamp('11:00', 'HH24:MI'), 45, 'SOC000002', 'Pilates');
insert into prenotazione(data_pren, ora_pren, costo_pren, codice_socio_pren, nome_corso_pren) values (date '2023-07-28', to_timestamp('19:00', 'HH24:MI'), 80, 'SOC000043', 'Crossfit');
insert into prenotazione(data_pren, ora_pren, costo_pren, codice_socio_pren, nome_corso_pren) values (date '2023-08-02', to_timestamp('14:30', 'HH24:MI'), 55, 'SOC000004', 'Spinning');
insert into prenotazione(data_pren, ora_pren, costo_pren, codice_socio_pren, nome_corso_pren) values (date '2023-08-27', to_timestamp('10:00', 'HH24:MI'), 40, 'SOC000005', 'Ginnastica posturale');
insert into prenotazione(data_pren, ora_pren, costo_pren, codice_socio_pren, nome_corso_pren) values (date '2023-09-01', to_timestamp('16:30', 'HH24:MI'), 70, 'SOC000006', 'Nuoto');
insert into prenotazione(data_pren, ora_pren, costo_pren, codice_socio_pren, nome_corso_pren) values (date '2023-10-01', to_timestamp('13:00', 'HH24:MI'), 35, 'SOC000007', 'Acquagym');
insert into prenotazione(data_pren, ora_pren, costo_pren, codice_socio_pren, nome_corso_pren) values (date '2023-10-07', to_timestamp('20:30', 'HH24:MI'), 40, 'SOC000008', 'Acquafitness');
insert into prenotazione(data_pren, ora_pren, costo_pren, codice_socio_pren, nome_corso_pren) values (date '2023-11-01', to_timestamp('17:00', 'HH24:MI'), 55, 'SOC000009', 'Idrobike');
insert into prenotazione(data_pren, ora_pren, costo_pren, codice_socio_pren, nome_corso_pren) values (date '2023-11-05', to_timestamp('13:30', 'HH24:MI'), 65, 'SOC000010', 'Nuoto sincronizzato');
insert into prenotazione(data_pren, ora_pren, costo_pren, codice_socio_pren, nome_corso_pren) values (date '2023-11-13', to_timestamp('21:00', 'HH24:MI'), 70, 'SOC000011', 'Karate');
insert into prenotazione(data_pren, ora_pren, costo_pren, codice_socio_pren, nome_corso_pren) values (date '2023-11-26', to_timestamp('17:30', 'HH24:MI'), 60, 'SOC000012', 'Judo');
insert into prenotazione(data_pren, ora_pren, costo_pren, codice_socio_pren, nome_corso_pren) values (date '2023-12-02', to_timestamp('09:30', 'HH24:MI'), 65, 'SOC000013', 'Taekwondo');
insert into prenotazione(data_pren, ora_pren, costo_pren, codice_socio_pren, nome_corso_pren) values (date '2023-12-11', to_timestamp('18:30', 'HH24:MI'), 75, 'SOC000014', 'Boxe');
insert into prenotazione(data_pren, ora_pren, costo_pren, codice_socio_pren, nome_corso_pren) values (date '2023-12-10', to_timestamp('14:00', 'HH24:MI'), 70, 'SOC000015', 'Kickboxing');
insert into prenotazione(data_pren, ora_pren, costo_pren, codice_socio_pren, nome_corso_pren) values (date '2024-01-01', to_timestamp('12:30', 'HH24:MI'), 80, 'SOC000016', 'Krav maga');
insert into prenotazione(data_pren, ora_pren, costo_pren, codice_socio_pren, nome_corso_pren) values (date '2024-01-09', to_timestamp('18:00', 'HH24:MI'), 50, 'SOC000017', 'Calcio');
insert into prenotazione(data_pren, ora_pren, costo_pren, codice_socio_pren, nome_corso_pren) values (date '2024-01-29', to_timestamp('15:30', 'HH24:MI'), 45, 'SOC000018', 'Pallavolo');
insert into prenotazione(data_pren, ora_pren, costo_pren, codice_socio_pren, nome_corso_pren) values (date '2024-02-04', to_timestamp('10:00', 'HH24:MI'), 55, 'SOC000019', 'Basket');
insert into prenotazione(data_pren, ora_pren, costo_pren, codice_socio_pren, nome_corso_pren) values (date '2024-02-14', to_timestamp('16:30', 'HH24:MI'), 60, 'SOC000020', 'Tennis');
insert into prenotazione(data_pren, ora_pren, costo_pren, codice_socio_pren, nome_corso_pren) values (date '2024-03-01', to_timestamp('13:00', 'HH24:MI'), 50, 'SOC000021', 'Padel');
insert into prenotazione(data_pren, ora_pren, costo_pren, codice_socio_pren, nome_corso_pren) values (date '2024-03-03', to_timestamp('11:30', 'HH24:MI'), 40, 'SOC000022', 'Ping pong');
insert into prenotazione(data_pren, ora_pren, costo_pren, codice_socio_pren, nome_corso_pren) values (date '2024-03-10', to_timestamp('17:30', 'HH24:MI'), 55, 'SOC000023', 'Danza classica');
insert into prenotazione(data_pren, ora_pren, costo_pren, codice_socio_pren, nome_corso_pren) values (date '2024-03-28', to_timestamp('14:00', 'HH24:MI'), 65, 'SOC000024', 'Danza moderna');
insert into prenotazione(data_pren, ora_pren, costo_pren, codice_socio_pren, nome_corso_pren) values (date '2024-04-03', to_timestamp('20:30', 'HH24:MI'), 70, 'SOC000025', 'Hip hop');
insert into prenotazione(data_pren, ora_pren, costo_pren, codice_socio_pren, nome_corso_pren) values (date '2024-04-10', to_timestamp('18:00', 'HH24:MI'), 75, 'SOC000026', 'Salsa');
insert into prenotazione(data_pren, ora_pren, costo_pren, codice_socio_pren, nome_corso_pren) values (date '2024-04-27', to_timestamp('15:30', 'HH24:MI'), 80, 'SOC000027', 'Bachata');
insert into prenotazione(data_pren, ora_pren, costo_pren, codice_socio_pren, nome_corso_pren) values (date '2024-05-03', to_timestamp('19:00', 'HH24:MI'), 50, 'SOC000028', 'Tango');
insert into prenotazione(data_pren, ora_pren, costo_pren, codice_socio_pren, nome_corso_pren) values (date '2024-05-11', to_timestamp('21:30', 'HH24:MI'), 65, 'SOC000029', 'Pole dance');
insert into prenotazione(data_pren, ora_pren, costo_pren, codice_socio_pren, nome_corso_pren) values (date '2024-05-19', to_timestamp('16:00', 'HH24:MI'), 60, 'SOC000030', 'Zumba');
insert into prenotazione(data_pren, ora_pren, costo_pren, codice_socio_pren, nome_corso_pren) values (date '2024-05-25', to_timestamp('13:30', 'HH24:MI'), 45, 'SOC000031', 'Pilates');
insert into prenotazione(data_pren, ora_pren, costo_pren, codice_socio_pren, nome_corso_pren) values (date '2024-06-03', to_timestamp('10:00', 'HH24:MI'), 80, 'SOC000032', 'Crossfit');
insert into prenotazione(data_pren, ora_pren, costo_pren, codice_socio_pren, nome_corso_pren) values (date '2024-06-11', to_timestamp('17:30', 'HH24:MI'), 55, 'SOC000033', 'Spinning');
insert into prenotazione(data_pren, ora_pren, costo_pren, codice_socio_pren, nome_corso_pren) values (date '2024-06-30', to_timestamp('09:30', 'HH24:MI'), 40, 'SOC000034', 'Ginnastica posturale');
insert into prenotazione(data_pren, ora_pren, costo_pren, codice_socio_pren, nome_corso_pren) values (date '2024-07-04', to_timestamp('16:00', 'HH24:MI'), 70, 'SOC000035', 'Nuoto');
insert into prenotazione(data_pren, ora_pren, costo_pren, codice_socio_pren, nome_corso_pren) values (date '2024-07-11', to_timestamp('11:00', 'HH24:MI'), 35, 'SOC000036', 'Acquagym');
insert into prenotazione(data_pren, ora_pren, costo_pren, codice_socio_pren, nome_corso_pren) values (date '2024-07-18', to_timestamp('18:30', 'HH24:MI'), 40, 'SOC000037', 'Acquafitness');
insert into prenotazione(data_pren, ora_pren, costo_pren, codice_socio_pren, nome_corso_pren) values (date '2024-07-29', to_timestamp('17:00', 'HH24:MI'), 55, 'SOC000038', 'Idrobike');
insert into prenotazione(data_pren, ora_pren, costo_pren, codice_socio_pren, nome_corso_pren) values (date '2024-08-04', to_timestamp('13:30', 'HH24:MI'), 65, 'SOC000039', 'Nuoto sincronizzato');
insert into prenotazione(data_pren, ora_pren, costo_pren, codice_socio_pren, nome_corso_pren) values (date '2024-08-10', to_timestamp('21:00', 'HH24:MI'), 70, 'SOC000040', 'Karate');


//DITTA MANUTENZIONE

insert into ditta_man(nome_ditta, contratto) values ('Manutec S.r.l.', 'Manutenzione preventiva');
insert into ditta_man(nome_ditta, contratto) values ('RipariFacili', 'Riparazione');
insert into ditta_man(nome_ditta, contratto) values ('Assistech', 'Assistenza tecnica');
insert into ditta_man(nome_ditta, contratto) values ('ManuExpert', 'Manutenzione preventiva');
insert into ditta_man(nome_ditta, contratto) values ('RiparaPlus', 'Riparazione');
insert into ditta_man(nome_ditta, contratto) values ('Assistech S.p.A.', 'Assistenza tecnica');
insert into ditta_man(nome_ditta, contratto) values ('ManuPro', 'Manutenzione preventiva');
insert into ditta_man(nome_ditta, contratto) values ('RiparaMigliore', 'Riparazione');
insert into ditta_man(nome_ditta, contratto) values ('TecnoAssist', 'Assistenza tecnica');
insert into ditta_man(nome_ditta, contratto) values ('ManuTech', 'Manutenzione preventiva');


//MANUTENZIONE

insert into manutenzione values (date '2023-05-15', date '2023-05-18', 200, 'Michael Jordan', 'Manutec S.r.l.');
insert into manutenzione values (date '2023-06-02', date '2023-06-05', 250, 'Diego Armando Maradona', 'RipariFacili');
insert into manutenzione values (date '2023-06-10', date '2023-06-12', 180, 'Roger Federer', 'Assistech');
insert into manutenzione values (date '2023-06-20', date '2023-06-22', 260, 'Ivan Zaitsev', 'ManuExpert');
insert into manutenzione values (date '2023-07-05', date '2023-07-07', 170, 'Francisco Navarro', 'RiparaPlus');
insert into manutenzione values (date '2023-07-12', date '2023-07-14', 400, 'LeBron James', 'Assistech S.p.A.');
insert into manutenzione values (date '2023-07-20', date '2023-07-22', 350, 'Lionel Messi', 'ManuPro');
insert into manutenzione values (date '2023-07-28', date '2023-07-30', 280, 'Rafael Nadal', 'RiparaMigliore');


//EVENTO

insert into evento(codice_evento, nome_evento, data_evento, ora_inizio_ev, ora_fine_ev, tipo_evento, numero_spett, nome_impianto_ev) values ('EV1', 'Basket Slam Dunk Showdown', date '2023-06-10', to_timestamp('18:00', 'hh24:mi'), to_timestamp('20:00','hh24:mi'), 'Show', 500, 'Michael Jordan');
insert into evento(codice_evento, nome_evento, data_evento, ora_inizio_ev, ora_fine_ev, tipo_evento, numero_spett, nome_impianto_ev) values ('EV2', 'Calcio Stellare', date '2023-06-15', to_timestamp('19:30', 'hh24:mi'), to_timestamp('22:00', 'hh24:mi'), 'Campionato', 1000, 'Diego Armando Maradona');
insert into evento(codice_evento, nome_evento, data_evento, ora_inizio_ev, ora_fine_ev, tipo_evento, numero_spett, nome_impianto_ev) values ('EV3', 'Tennis Swing Masters', date '2023-06-20', to_timestamp('14:00', 'hh24:mi'), to_timestamp('17:00', 'hh24:mi'), 'Torneo', 300, 'Roger Federer');
insert into evento(codice_evento, nome_evento, data_evento, ora_inizio_ev, ora_fine_ev, tipo_evento, numero_spett, nome_impianto_ev) values ('EV4', 'Pallavolo Sky High Tournament', date '2023-06-25', to_timestamp('16:30', 'hh24:mi'), to_timestamp('19:00', 'hh24:mi'), 'Torneo', 200, 'Ivan Zaitsev');
insert into evento(codice_evento, nome_evento, data_evento, ora_inizio_ev, ora_fine_ev, tipo_evento, numero_spett, nome_impianto_ev) values ('EV5', 'Padel Racket Rumble', date '2023-06-30', to_timestamp('17:30', 'hh24:mi'), to_timestamp('20:30', 'hh24:mi'), 'Partita', 150, 'Francisco Navarro');


//SPONSOR

insert into sponsor(nome_sponsor, settore_sponsor, anno_fondazione) values ('ABC Corporation', 'Tecnologia', 1990);
insert into sponsor(nome_sponsor, settore_sponsor, anno_fondazione) values ('Sportive Apparel', 'Abbigliamento sportivo', 2005);
insert into sponsor(nome_sponsor, settore_sponsor, anno_fondazione) values ('Healthy Drinks Co.', 'Alimenti e bevande', 1998);
insert into sponsor(nome_sponsor, settore_sponsor, anno_fondazione) values ('Global Financial Services', 'Servizi finanziari', 1985);
insert into sponsor(nome_sponsor, settore_sponsor, anno_fondazione) values ('Fitness Equipment Ltd.', 'Attrezzature per il fitness', 2002);


//SPONSORIZZA

insert into sponsorizza(codice_evento_sp, nome_sponsor_sp) values ('EV1', 'ABC Corporation');
insert into sponsorizza(codice_evento_sp, nome_sponsor_sp) values ('EV2', 'Sportive Apparel');
insert into sponsorizza(codice_evento_sp, nome_sponsor_sp) values ('EV3', 'Healthy Drinks Co.');
insert into sponsorizza(codice_evento_sp, nome_sponsor_sp) values ('EV4', 'Global Financial Services');
insert into sponsorizza(codice_evento_sp, nome_sponsor_sp) values ('EV5', 'Fitness Equipment Ltd.');


//TURNO

insert into turno (codice_turno, orario_inizio_t, orario_fine_t, tipo_t) values ('TU0001', to_timestamp('08:00', 'HH24:MI'), to_timestamp('14:00', 'HH24:MI'), 'Mattina');
insert into turno (codice_turno, orario_inizio_t, orario_fine_t, tipo_t) values ('TU0002', to_timestamp('08:00', 'HH24:MI'), to_timestamp('14:00', 'HH24:MI'), 'Mattina');
insert into turno (codice_turno, orario_inizio_t, orario_fine_t, tipo_t) values ('TU0003', to_timestamp('08:00', 'HH24:MI'), to_timestamp('14:00', 'HH24:MI'), 'Mattina');
insert into turno (codice_turno, orario_inizio_t, orario_fine_t, tipo_t) values ('TU0004', to_timestamp('09:00', 'HH24:MI'), to_timestamp('13:00', 'HH24:MI'), 'Mattina');
insert into turno (codice_turno, orario_inizio_t, orario_fine_t, tipo_t) values ('TU0005', to_timestamp('09:00', 'HH24:MI'), to_timestamp('13:00', 'HH24:MI'), 'Mattina');
insert into turno (codice_turno, orario_inizio_t, orario_fine_t, tipo_t) values ('TU0006', to_timestamp('09:00', 'HH24:MI'), to_timestamp('13:00', 'HH24:MI'), 'Mattina');
insert into turno (codice_turno, orario_inizio_t, orario_fine_t, tipo_t) values ('TU0007', to_timestamp('09:00', 'HH24:MI'), to_timestamp('13:00', 'HH24:MI'), 'Mattina');
insert into turno (codice_turno, orario_inizio_t, orario_fine_t, tipo_t) values ('TU0008', to_timestamp('09:00', 'HH24:MI'), to_timestamp('13:00', 'HH24:MI'), 'Mattina');
insert into turno (codice_turno, orario_inizio_t, orario_fine_t, tipo_t) values ('TU0009', to_timestamp('06:00', 'HH24:MI'), to_timestamp('14:00', 'HH24:MI'), 'Mattina');
insert into turno (codice_turno, orario_inizio_t, orario_fine_t, tipo_t) values ('TU0010', to_timestamp('06:00', 'HH24:MI'), to_timestamp('14:00', 'HH24:MI'), 'Mattina');
insert into turno (codice_turno, orario_inizio_t, orario_fine_t, tipo_t) values ('TU0011', to_timestamp('06:00', 'HH24:MI'), to_timestamp('14:00', 'HH24:MI'), 'Mattina');
insert into turno (codice_turno, orario_inizio_t, orario_fine_t, tipo_t) values ('TU0012', to_timestamp('14:00', 'HH24:MI'), to_timestamp('22:00', 'HH24:MI'), 'Pomeriggio');
insert into turno (codice_turno, orario_inizio_t, orario_fine_t, tipo_t) values ('TU0013', to_timestamp('14:00', 'HH24:MI'), to_timestamp('22:00', 'HH24:MI'), 'Pomeriggio');
insert into turno (codice_turno, orario_inizio_t, orario_fine_t, tipo_t) values ('TU0014', to_timestamp('14:00', 'HH24:MI'), to_timestamp('22:00', 'HH24:MI'), 'Pomeriggio');
insert into turno (codice_turno, orario_inizio_t, orario_fine_t, tipo_t) values ('TU0015', to_timestamp('15:00', 'HH24:MI'), to_timestamp('23:00', 'HH24:MI'), 'Sera');
insert into turno (codice_turno, orario_inizio_t, orario_fine_t, tipo_t) values ('TU0016', to_timestamp('15:00', 'HH24:MI'), to_timestamp('23:00', 'HH24:MI'), 'Sera');
insert into turno (codice_turno, orario_inizio_t, orario_fine_t, tipo_t) values ('TU0017', to_timestamp('15:00', 'HH24:MI'), to_timestamp('23:00', 'HH24:MI'), 'Sera');
insert into turno (codice_turno, orario_inizio_t, orario_fine_t, tipo_t) values ('TU0018', to_timestamp('12:00', 'HH24:MI'), to_timestamp('18:00', 'HH24:MI'), 'Pomeriggio');
insert into turno (codice_turno, orario_inizio_t, orario_fine_t, tipo_t) values ('TU0019', to_timestamp('12:00', 'HH24:MI'), to_timestamp('18:00', 'HH24:MI'), 'Pomeriggio');
insert into turno (codice_turno, orario_inizio_t, orario_fine_t, tipo_t) values ('TU0020', to_timestamp('12:00', 'HH24:MI'), to_timestamp('18:00', 'HH24:MI'), 'Pomeriggio');
insert into turno (codice_turno, orario_inizio_t, orario_fine_t, tipo_t) values ('TU0021', to_timestamp('12:00', 'HH24:MI'), to_timestamp('20:00', 'HH24:MI'), 'Pomeriggio');
insert into turno (codice_turno, orario_inizio_t, orario_fine_t, tipo_t) values ('TU0022', to_timestamp('12:00', 'HH24:MI'), to_timestamp('20:00', 'HH24:MI'), 'Pomeriggio');
insert into turno (codice_turno, orario_inizio_t, orario_fine_t, tipo_t) values ('TU0023', to_timestamp('12:00', 'HH24:MI'), to_timestamp('20:00', 'HH24:MI'), 'Pomeriggio');
insert into turno (codice_turno, orario_inizio_t, orario_fine_t, tipo_t) values ('TU0024', to_timestamp('16:00', 'HH24:MI'), to_timestamp('23:00', 'HH24:MI'), 'Sera');
insert into turno (codice_turno, orario_inizio_t, orario_fine_t, tipo_t) values ('TU0025', to_timestamp('16:00', 'HH24:MI'), to_timestamp('23:00', 'HH24:MI'), 'Sera');
insert into turno (codice_turno, orario_inizio_t, orario_fine_t, tipo_t) values ('TU0026', to_timestamp('16:00', 'HH24:MI'), to_timestamp('23:00', 'HH24:MI'), 'Sera');
insert into turno (codice_turno, orario_inizio_t, orario_fine_t, tipo_t) values ('TU0027', to_timestamp('18:00', 'HH24:MI'), to_timestamp('23:00', 'HH24:MI'), 'Sera');
insert into turno (codice_turno, orario_inizio_t, orario_fine_t, tipo_t) values ('TU0028', to_timestamp('18:00', 'HH24:MI'), to_timestamp('23:00', 'HH24:MI'), 'Sera');
insert into turno (codice_turno, orario_inizio_t, orario_fine_t, tipo_t) values ('TU0029', to_timestamp('18:00', 'HH24:MI'), to_timestamp('23:00', 'HH24:MI'), 'Sera');
insert into turno (codice_turno, orario_inizio_t, orario_fine_t, tipo_t) values ('TU0030', to_timestamp('20:00', 'HH24:MI'), to_timestamp('23:00', 'HH24:MI'), 'Sera');
insert into turno (codice_turno, orario_inizio_t, orario_fine_t, tipo_t) values ('TU0031', to_timestamp('20:00', 'HH24:MI'), to_timestamp('23:00', 'HH24:MI'), 'Sera');
insert into turno (codice_turno, orario_inizio_t, orario_fine_t, tipo_t) values ('TU0032', to_timestamp('20:00', 'HH24:MI'), to_timestamp('23:00', 'HH24:MI'), 'Sera');
insert into turno (codice_turno, orario_inizio_t, orario_fine_t, tipo_t) values ('TU0033', to_timestamp('15:00', 'HH24:MI'), to_timestamp('23:00', 'HH24:MI'), 'Sera');
insert into turno (codice_turno, orario_inizio_t, orario_fine_t, tipo_t) values ('TU0034', to_timestamp('15:00', 'HH24:MI'), to_timestamp('23:00', 'HH24:MI'), 'Sera');
insert into turno (codice_turno, orario_inizio_t, orario_fine_t, tipo_t) values ('TU0035', to_timestamp('15:00', 'HH24:MI'), to_timestamp('23:00', 'HH24:MI'), 'Sera');
insert into turno (codice_turno, orario_inizio_t, orario_fine_t, tipo_t) values ('TU0045', to_timestamp('07:00', 'HH24:MI'), to_timestamp('10:00', 'HH24:MI'), 'Mattina');
insert into turno (codice_turno, orario_inizio_t, orario_fine_t, tipo_t) values ('TU0046', to_timestamp('07:00', 'HH24:MI'), to_timestamp('10:00', 'HH24:MI'), 'Mattina');
insert into turno (codice_turno, orario_inizio_t, orario_fine_t, tipo_t) values ('TU0047', to_timestamp('07:00', 'HH24:MI'), to_timestamp('10:00', 'HH24:MI'), 'Mattina');
insert into turno (codice_turno, orario_inizio_t, orario_fine_t, tipo_t) values ('TU0048', to_timestamp('09:00', 'HH24:MI'), to_timestamp('12:00', 'HH24:MI'), 'Mattina');
insert into turno (codice_turno, orario_inizio_t, orario_fine_t, tipo_t) values ('TU0049', to_timestamp('09:00', 'HH24:MI'), to_timestamp('12:00', 'HH24:MI'), 'Mattina');
insert into turno (codice_turno, orario_inizio_t, orario_fine_t, tipo_t) values ('TU0050', to_timestamp('09:00', 'HH24:MI'), to_timestamp('12:00', 'HH24:MI'), 'Mattina');
insert into turno (codice_turno, orario_inizio_t, orario_fine_t, tipo_t) values ('TU0051', to_timestamp('11:00', 'HH24:MI'), to_timestamp('14:00', 'HH24:MI'), 'Mattina');
insert into turno (codice_turno, orario_inizio_t, orario_fine_t, tipo_t) values ('TU0052', to_timestamp('11:00', 'HH24:MI'), to_timestamp('14:00', 'HH24:MI'), 'Mattina');
insert into turno (codice_turno, orario_inizio_t, orario_fine_t, tipo_t) values ('TU0053', to_timestamp('11:00', 'HH24:MI'), to_timestamp('14:00', 'HH24:MI'), 'Mattina');
insert into turno (codice_turno, orario_inizio_t, orario_fine_t, tipo_t) values ('TU0054', to_timestamp('13:00', 'HH24:MI'), to_timestamp('16:00', 'HH24:MI'), 'Pomeriggio');
insert into turno (codice_turno, orario_inizio_t, orario_fine_t, tipo_t) values ('TU0055', to_timestamp('13:00', 'HH24:MI'), to_timestamp('16:00', 'HH24:MI'), 'Pomeriggio');
insert into turno (codice_turno, orario_inizio_t, orario_fine_t, tipo_t) values ('TU0056', to_timestamp('13:00', 'HH24:MI'), to_timestamp('16:00', 'HH24:MI'), 'Pomeriggio');
insert into turno (codice_turno, orario_inizio_t, orario_fine_t, tipo_t) values ('TU0057', to_timestamp('15:00', 'HH24:MI'), to_timestamp('18:00', 'HH24:MI'), 'Pomeriggio');
insert into turno (codice_turno, orario_inizio_t, orario_fine_t, tipo_t) values ('TU0058', to_timestamp('15:00', 'HH24:MI'), to_timestamp('18:00', 'HH24:MI'), 'Pomeriggio');
insert into turno (codice_turno, orario_inizio_t, orario_fine_t, tipo_t) values ('TU0059', to_timestamp('15:00', 'HH24:MI'), to_timestamp('18:00', 'HH24:MI'), 'Pomeriggio');
insert into turno (codice_turno, orario_inizio_t, orario_fine_t, tipo_t) values ('TU0060', to_timestamp('17:00', 'HH24:MI'), to_timestamp('20:00', 'HH24:MI'), 'Sera');
insert into turno (codice_turno, orario_inizio_t, orario_fine_t, tipo_t) values ('TU0061', to_timestamp('17:00', 'HH24:MI'), to_timestamp('20:00', 'HH24:MI'), 'Sera');
insert into turno (codice_turno, orario_inizio_t, orario_fine_t, tipo_t) values ('TU0062', to_timestamp('17:00', 'HH24:MI'), to_timestamp('20:00', 'HH24:MI'), 'Sera');
insert into turno (codice_turno, orario_inizio_t, orario_fine_t, tipo_t) values ('TU0063', to_timestamp('19:00', 'HH24:MI'), to_timestamp('22:00', 'HH24:MI'), 'Sera');
insert into turno (codice_turno, orario_inizio_t, orario_fine_t, tipo_t) values ('TU0064', to_timestamp('19:00', 'HH24:MI'), to_timestamp('22:00', 'HH24:MI'), 'Sera');
insert into turno (codice_turno, orario_inizio_t, orario_fine_t, tipo_t) values ('TU0065', to_timestamp('19:00', 'HH24:MI'), to_timestamp('22:00', 'HH24:MI'), 'Sera');
insert into turno (codice_turno, orario_inizio_t, orario_fine_t, tipo_t) values ('TU0066', to_timestamp('08:00', 'HH24:MI'), to_timestamp('14:00', 'HH24:MI'), 'Mattina');
insert into turno (codice_turno, orario_inizio_t, orario_fine_t, tipo_t) values ('TU0067', to_timestamp('08:00', 'HH24:MI'), to_timestamp('14:00', 'HH24:MI'), 'Mattina');
insert into turno (codice_turno, orario_inizio_t, orario_fine_t, tipo_t) values ('TU0068', to_timestamp('08:00', 'HH24:MI'), to_timestamp('14:00', 'HH24:MI'), 'Mattina');
insert into turno (codice_turno, orario_inizio_t, orario_fine_t, tipo_t) values ('TU0069', to_timestamp('09:00', 'HH24:MI'), to_timestamp('13:00', 'HH24:MI'), 'Mattina');
insert into turno (codice_turno, orario_inizio_t, orario_fine_t, tipo_t) values ('TU0070', to_timestamp('09:00', 'HH24:MI'), to_timestamp('13:00', 'HH24:MI'), 'Mattina');
insert into turno (codice_turno, orario_inizio_t, orario_fine_t, tipo_t) values ('TU0071', to_timestamp('09:00', 'HH24:MI'), to_timestamp('13:00', 'HH24:MI'), 'Mattina');
insert into turno (codice_turno, orario_inizio_t, orario_fine_t, tipo_t) values ('TU0072', to_timestamp('09:00', 'HH24:MI'), to_timestamp('13:00', 'HH24:MI'), 'Mattina');
insert into turno (codice_turno, orario_inizio_t, orario_fine_t, tipo_t) values ('TU0073', to_timestamp('09:00', 'HH24:MI'), to_timestamp('13:00', 'HH24:MI'), 'Mattina');



//PERSONALE

insert into personale(codice_imp, nome_imp, cognome_imp, via_imp, cap_imp, citta_imp, stipendio, codice_turno_p) values ('CI0012', 'Valentina', 'Cattanei', 'Via Trieste 55', '80210', 'Napoli', 4500, 'TU0001'); -- Medico
insert into personale(codice_imp, nome_imp, cognome_imp, via_imp, cap_imp, citta_imp, stipendio, codice_turno_p) values ('CI0013', 'Andrea', 'Barbera', 'Via Milano 60', '80220', 'Napoli', 3000, 'TU0004'); -- Personale amministrativo
insert into personale(codice_imp, nome_imp, cognome_imp, via_imp, cap_imp, citta_imp, stipendio, codice_turno_p) values ('CI0014', 'Elena', 'Galli', 'Via Roma 65', '80230', 'Napoli', 1500, 'TU0009'); -- Addetto pulizie
insert into personale(codice_imp, nome_imp, cognome_imp, via_imp, cap_imp, citta_imp, stipendio, codice_turno_p) values ('CI0015', 'Simone', 'Morello', 'Via Garibaldi 70', '80240', 'Napoli', 2000, 'TU0018'); -- Addetto bar
insert into personale(codice_imp, nome_imp, cognome_imp, via_imp, cap_imp, citta_imp, stipendio, codice_turno_p) values ('CI0016', 'Greta', 'Santoro', 'Via Verdi 75', '80250', 'Napoli', 1500, 'TU0010'); -- Addetto pulizie
insert into personale(codice_imp, nome_imp, cognome_imp, via_imp, cap_imp, citta_imp, stipendio, codice_turno_p) values ('CI0017', 'Davide', 'Serra', 'Via Napoli 80', '80260', 'Napoli', 2500, 'TU0005'); -- Personale amministrativo
insert into personale(codice_imp, nome_imp, cognome_imp, via_imp, cap_imp, citta_imp, stipendio, codice_turno_p) values ('CI0018', 'Valeria', 'Rinaldi', 'Via Venezia 85', '80270', 'Napoli', 1500, 'TU0011'); -- Addetto pulizie
insert into personale(codice_imp, nome_imp, cognome_imp, via_imp, cap_imp, citta_imp, stipendio, codice_turno_p) values ('CI0019', 'Fabio', 'Marini', 'Via Firenze 90', '80280', 'Napoli', 2000, 'TU0019'); -- Addetto bar
insert into personale(codice_imp, nome_imp, cognome_imp, via_imp, cap_imp, citta_imp, stipendio, codice_turno_p) values ('CI0020', 'Sofia', 'De Santis', 'Via Padova 95', '80290', 'Napoli', 1500, 'TU0012'); -- Addetto pulizie
insert into personale(codice_imp, nome_imp, cognome_imp, via_imp, cap_imp, citta_imp, stipendio, codice_turno_p) values ('CI0021', 'Lorenzo', 'Vitale', 'Via Genova 100', '80300', 'Napoli', 2500, 'TU0006'); -- Personale amministrativo
insert into personale(codice_imp, nome_imp, cognome_imp, via_imp, cap_imp, citta_imp, stipendio, codice_turno_p) values ('CI0022', 'Giorgia', 'Monti', 'Via Torino 105', '80310', 'Napoli', 1500, 'TU0013'); -- Addetto pulizie
insert into personale(codice_imp, nome_imp, cognome_imp, via_imp, cap_imp, citta_imp, stipendio, codice_turno_p) values ('CI0023', 'Francesco', 'Ferrara', 'Via Milano 110', '80320', 'Napoli', 2000, 'TU0020'); -- Addetto bar
insert into personale(codice_imp, nome_imp, cognome_imp, via_imp, cap_imp, citta_imp, stipendio, codice_turno_p) values ('CI0024', 'Francesca', 'Bernardi', 'Via Roma 115', '80330', 'Napoli', 1500, 'TU0014'); -- Addetto pulizie
insert into personale(codice_imp, nome_imp, cognome_imp, via_imp, cap_imp, citta_imp, stipendio, codice_turno_p) values ('CI0025', 'Luca', 'Stella', 'Via Garibaldi 120', '80340', 'Napoli', 2500, 'TU0007'); -- Personale amministrativo
insert into personale(codice_imp, nome_imp, cognome_imp, via_imp, cap_imp, citta_imp, stipendio, codice_turno_p) values ('CI0026', 'Alessia', 'Romano', 'Via Verdi 125', '80350', 'Napoli', 1500, 'TU0015'); -- Addetto pulizie
insert into personale(codice_imp, nome_imp, cognome_imp, via_imp, cap_imp, citta_imp, stipendio, codice_turno_p) values ('CI0027', 'Antonio', 'Gennaro', 'Via Napoli 130', '80360', 'Napoli', 2000, 'TU0021'); -- Addetto bar
insert into personale(codice_imp, nome_imp, cognome_imp, via_imp, cap_imp, citta_imp, stipendio, codice_turno_p) values ('CI0028', 'Giulia', 'Ricci', 'Via Venezia 135', '80370', 'Napoli', 1500, 'TU0016'); -- Addetto pulizie
insert into personale(codice_imp, nome_imp, cognome_imp, via_imp, cap_imp, citta_imp, stipendio, codice_turno_p) values ('CI0029', 'Riccardo', 'Colombo', 'Via Firenze 140', '80380', 'Napoli', 2500, 'TU0008'); -- Personale amministrativo
insert into personale(codice_imp, nome_imp, cognome_imp, via_imp, cap_imp, citta_imp, stipendio, codice_turno_p) values ('CI0030', 'Elisa', 'De Luca', 'Via Padova 145', '80390', 'Napoli', 1500, 'TU0017'); -- Addetto pulizie
insert into personale(codice_imp, nome_imp, cognome_imp, via_imp, cap_imp, citta_imp, stipendio, codice_turno_p) values ('CI0033', 'Giovanni', 'Fabbri', 'Via Bologna 160', '80420', 'Napoli', 4800, 'TU0002'); -- Medico
insert into personale(codice_imp, nome_imp, cognome_imp, via_imp, cap_imp, citta_imp, stipendio, codice_turno_p) values ('CI0034', 'Francesca', 'Mancini', 'Via Torino 165', '80430', 'Napoli', 5200, 'TU0003'); -- Medico
insert into personale(codice_imp, nome_imp, cognome_imp, via_imp, cap_imp, citta_imp, stipendio, codice_turno_p) values ('CI0035', 'Luca', 'Rossi', 'Via Verona 170', '80440', 'Napoli', 3000, 'TU0045'); -- Istruttore Zumba
insert into personale(codice_imp, nome_imp, cognome_imp, via_imp, cap_imp, citta_imp, stipendio, codice_turno_p) values ('CI0036', 'Simona', 'Bianchi', 'Via Roma 175', '80450', 'Napoli', 2800, 'TU0046'); -- Istruttrice Pilates
insert into personale(codice_imp, nome_imp, cognome_imp, via_imp, cap_imp, citta_imp, stipendio, codice_turno_p) values ('CI0037', 'Fabio', 'Ferrari', 'Via Firenze 180', '80460', 'Napoli', 3200, 'TU0047'); -- Istruttore Crossfit
insert into personale(codice_imp, nome_imp, cognome_imp, via_imp, cap_imp, citta_imp, stipendio, codice_turno_p) values ('CI0038', 'Valentina', 'Neri', 'Via Milano 185', '80470', 'Napoli', 2900, 'TU0048'); -- Istruttrice Spinning
insert into personale(codice_imp, nome_imp, cognome_imp, via_imp, cap_imp, citta_imp, stipendio, codice_turno_p) values ('CI0039', 'Alessio', 'Verdi', 'Via Torino 190', '80480', 'Napoli', 3100, 'TU0049'); -- Istruttore Ginnastica posturale
insert into personale(codice_imp, nome_imp, cognome_imp, via_imp, cap_imp, citta_imp, stipendio, codice_turno_p) values ('CI0040', 'Martina', 'Russo', 'Via Napoli 195', '80490', 'Napoli', 3000, 'TU0050'); -- Istruttrice Nuoto
insert into personale(codice_imp, nome_imp, cognome_imp, via_imp, cap_imp, citta_imp, stipendio, codice_turno_p) values ('CI0041', 'Roberto', 'Martini', 'Via Salerno 200', '80500', 'Napoli', 2800, 'TU0051'); -- Istruttore Acquagym
insert into personale(codice_imp, nome_imp, cognome_imp, via_imp, cap_imp, citta_imp, stipendio, codice_turno_p) values ('CI0042', 'Maria', 'Rizzo', 'Via Catania 205', '80510', 'Napoli', 3200, 'TU0052'); -- Istruttrice Acquafitness
insert into personale(codice_imp, nome_imp, cognome_imp, via_imp, cap_imp, citta_imp, stipendio, codice_turno_p) values ('CI0043', 'Paolo', 'Esposito', 'Via Messina 210', '80520', 'Napoli', 2900, 'TU0053'); -- Istruttore 
insert into personale(codice_imp, nome_imp, cognome_imp, via_imp, cap_imp, citta_imp, stipendio, codice_turno_p) values ('CI0044', 'Laura', 'Romano', 'Via Palermo 215', '80530', 'Napoli', 3100, 'TU0054'); -- Istruttrice Nuoto sincronizzato
insert into personale(codice_imp, nome_imp, cognome_imp, via_imp, cap_imp, citta_imp, stipendio, codice_turno_p) values ('CI0045', 'Antonio', 'De Luca', 'Via Padova 220', '80540', 'Napoli', 3000, 'TU0055'); -- Istruttore Karate
insert into personale(codice_imp, nome_imp, cognome_imp, via_imp, cap_imp, citta_imp, stipendio, codice_turno_p) values ('CI0046', 'Silvia', 'Colombo', 'Via Genova 225', '80550', 'Napoli', 2800, 'TU0056'); -- Istruttrice Judo
insert into personale(codice_imp, nome_imp, cognome_imp, via_imp, cap_imp, citta_imp, stipendio, codice_turno_p) values ('CI0047', 'Giuseppe', 'Costa', 'Via Venezia 230', '80560', 'Napoli', 3200, 'TU0057'); -- Istruttore Taekwondo
insert into personale(codice_imp, nome_imp, cognome_imp, via_imp, cap_imp, citta_imp, stipendio, codice_turno_p) values ('CI0048', 'Francesca', 'Ricci', 'Via Firenze 235', '80570', 'Napoli', 2900, 'TU0058'); -- Istruttrice Boxe
insert into personale(codice_imp, nome_imp, cognome_imp, via_imp, cap_imp, citta_imp, stipendio, codice_turno_p) values ('CI0049', 'Luigi', 'Cattaneo', 'Via Milano 240', '80580', 'Napoli', 3100, 'TU0059'); -- Istruttore Kickboxing
insert into personale(codice_imp, nome_imp, cognome_imp, via_imp, cap_imp, citta_imp, stipendio, codice_turno_p) values ('CI0050', 'Francesca', 'Barbieri', 'Via Torino 245', '80590', 'Napoli', 3000, 'TU0060'); -- Istruttrice Krav maga
insert into personale(codice_imp, nome_imp, cognome_imp, via_imp, cap_imp, citta_imp, stipendio, codice_turno_p) values ('CI0051', 'Marco', 'Gatti', 'Via Napoli 250', '80600', 'Napoli', 2800, 'TU0061'); -- Istruttore Calcio
insert into personale(codice_imp, nome_imp, cognome_imp, via_imp, cap_imp, citta_imp, stipendio, codice_turno_p) values ('CI0052', 'Alessandra', 'Moretti', 'Via Salerno 255', '80610', 'Napoli', 3200, 'TU0062'); -- Istruttrice Pallavolo
insert into personale(codice_imp, nome_imp, cognome_imp, via_imp, cap_imp, citta_imp, stipendio, codice_turno_p) values ('CI0011', 'Luca', 'Serra', 'Via Catania 260', '80620', 'Napoli', 2900, 'TU0063'); -- Istruttore Basket
insert into personale(codice_imp, nome_imp, cognome_imp, via_imp, cap_imp, citta_imp, stipendio, codice_turno_p) values ('CI0010', 'Sara', 'Rinaldi', 'Via Messina 265', '80630', 'Napoli', 3100, 'TU0064'); -- Istruttrice Tennis
insert into personale(codice_imp, nome_imp, cognome_imp, via_imp, cap_imp, citta_imp, stipendio, codice_turno_p) values ('CI0009', 'Giovanni', 'Marini', 'Via Palermo 270', '80640', 'Napoli', 3000, 'TU0065'); -- Istruttore Padel
insert into personale(codice_imp, nome_imp, cognome_imp, via_imp, cap_imp, citta_imp, stipendio, codice_turno_p) values ('CI0008', 'Francesca', 'De Santis', 'Via Padova 275', '80650', 'Napoli', 2800, 'TU0066'); -- Istruttrice Ping pong
insert into personale(codice_imp, nome_imp, cognome_imp, via_imp, cap_imp, citta_imp, stipendio, codice_turno_p) values ('CI0007', 'Marco', 'Vitale', 'Via Genova 280', '80660', 'Napoli', 3200, 'TU0067'); -- Istruttore Danza classica
insert into personale(codice_imp, nome_imp, cognome_imp, via_imp, cap_imp, citta_imp, stipendio, codice_turno_p) values ('CI0006', 'Chiara', 'Monti', 'Via Venezia 285', '80670', 'Napoli', 2900, 'TU0068'); -- Istruttrice Danza moderna
insert into personale(codice_imp, nome_imp, cognome_imp, via_imp, cap_imp, citta_imp, stipendio, codice_turno_p) values ('CI0005', 'Davide', 'Ferrara', 'Via Firenze 290', '80680', 'Napoli', 3100, 'TU0069'); -- Istruttore Hip hop
insert into personale(codice_imp, nome_imp, cognome_imp, via_imp, cap_imp, citta_imp, stipendio, codice_turno_p) values ('CI0004', 'Maria', 'Bernardi', 'Via Milano 295', '80690', 'Napoli', 3000, 'TU0070'); -- Istruttrice Salsa
insert into personale(codice_imp, nome_imp, cognome_imp, via_imp, cap_imp, citta_imp, stipendio, codice_turno_p) values ('CI0003', 'Luigi', 'Stella', 'Via Torino 300', '80700', 'Napoli', 2800, 'TU0071'); -- Istruttore Bachata
insert into personale(codice_imp, nome_imp, cognome_imp, via_imp, cap_imp, citta_imp, stipendio, codice_turno_p) values ('CI0002', 'Valentina', 'Romano', 'Via Napoli 305', '80710', 'Napoli', 3200, 'TU0072'); -- Istruttrice Tango
insert into personale(codice_imp, nome_imp, cognome_imp, via_imp, cap_imp, citta_imp, stipendio, codice_turno_p) values ('CI0001', 'Michele', 'Gennaro', 'Via Salerno 310', '80720', 'Napoli', 2900, 'TU0073'); -- Istruttore Pole dance
insert into personale(codice_imp, nome_imp, cognome_imp, via_imp, cap_imp, citta_imp, stipendio, codice_turno_p) values ('CI0053', 'Luigi', 'Bianchi', 'Via Manzoni 234', '80147', 'Napoli', 1800, 'TU0022'); -- Addetto bar
insert into personale(codice_imp, nome_imp, cognome_imp, via_imp, cap_imp, citta_imp, stipendio, codice_turno_p) values ('CI0054', 'Sara', 'Ferrari', 'Via Volta 567', '80148', 'Napoli', 1600, 'TU0023');  -- Addetto bar
insert into personale(codice_imp, nome_imp, cognome_imp, via_imp, cap_imp, citta_imp, stipendio, codice_turno_p) values ('CI0055', 'Mario', 'Costa', 'Via Garibaldi 123', '80141', 'Napoli', 1800, 'TU0024');  -- Addetto bar
insert into personale(codice_imp, nome_imp, cognome_imp, via_imp, cap_imp, citta_imp, stipendio, codice_turno_p) values ('CI0056', 'Anna', 'Ricci', 'Via Roma 456', '80142', 'Napoli', 1600, 'TU0025');  -- Addetto bar
insert into personale(codice_imp, nome_imp, cognome_imp, via_imp, cap_imp, citta_imp, stipendio, codice_turno_p) values ('CI0057', 'Giovanni', 'Cattaneo', 'Via Verdi 789', '80143', 'Napoli', 1800, 'TU0026');  -- Addetto bar
insert into personale(codice_imp, nome_imp, cognome_imp, via_imp, cap_imp, citta_imp, stipendio, codice_turno_p) values ('CI0058', 'Laura', 'Barbieri', 'Via Mazzini 321', '80144', 'Napoli', 1600, 'TU0027');  -- Addetto bar
insert into personale(codice_imp, nome_imp, cognome_imp, via_imp, cap_imp, citta_imp, stipendio, codice_turno_p) values ('CI0059', 'Antonio', 'Gatti', 'Via Dante 654', '80145', 'Napoli', 1800, 'TU0028');  -- Addetto bar
insert into personale(codice_imp, nome_imp, cognome_imp, via_imp, cap_imp, citta_imp, stipendio, codice_turno_p) values ('CI0060', 'Francesca', 'Moretti', 'Via Leopardi 987', '80146', 'Napoli', 1600, 'TU0029');  -- Addetto bar
insert into personale(codice_imp, nome_imp, cognome_imp, via_imp, cap_imp, citta_imp, stipendio, codice_turno_p) values ('CI0061', 'Marco', 'Bianchini', 'Via Verdi 123', '80140', 'Napoli', 1600, 'TU0030');  -- Addetto bar
insert into personale(codice_imp, nome_imp, cognome_imp, via_imp, cap_imp, citta_imp, stipendio, codice_turno_p) values ('CI0062', 'Silvia', 'Ferro', 'Via Rossini 456', '80141', 'Napoli', 1600, 'TU0031');  -- Addetto bar
insert into personale(codice_imp, nome_imp, cognome_imp, via_imp, cap_imp, citta_imp, stipendio, codice_turno_p) values ('CI0063', 'Roberto', 'Costanzo', 'Via Mozart 789', '80142', 'Napoli', 1600, 'TU0032');  -- Addetto bar
insert into personale(codice_imp, nome_imp, cognome_imp, via_imp, cap_imp, citta_imp, stipendio, codice_turno_p) values ('CI0064', 'Giulia', 'Ricciardi', 'Via Verdi 123', '80143', 'Napoli', 1600, 'TU0033');  -- Addetto bar
insert into personale(codice_imp, nome_imp, cognome_imp, via_imp, cap_imp, citta_imp, stipendio, codice_turno_p) values ('CI0065', 'Fabio', 'Marchetti', 'Via Rossini 456', '80144', 'Napoli', 1600, 'TU0034');  -- Addetto bar
insert into personale(codice_imp, nome_imp, cognome_imp, via_imp, cap_imp, citta_imp, stipendio, codice_turno_p) values ('CI0066', 'Valeria', 'Romagnoli', 'Via Mozart 789', '80145', 'Napoli', 1600, 'TU0035');  -- Addetto bar


//ISTRUTTORE

insert into istruttore(codice_imp_istr, sport_praticato, eta_istruttore, nome_corso_istr) values ('CI0035', 'Fitness', '28', 'Zumba');
insert into istruttore(codice_imp_istr, sport_praticato, eta_istruttore, nome_corso_istr) values ('CI0036', 'Fitness', '34', 'Pilates');
insert into istruttore(codice_imp_istr, sport_praticato, eta_istruttore, nome_corso_istr) values ('CI0037', 'Fitness', '31', 'Crossfit');
insert into istruttore(codice_imp_istr, sport_praticato, eta_istruttore, nome_corso_istr) values ('CI0038', 'Fitness', '29', 'Spinning');
insert into istruttore(codice_imp_istr, sport_praticato, eta_istruttore, nome_corso_istr) values ('CI0039', 'Fitness', '26', 'Ginnastica posturale');
insert into istruttore(codice_imp_istr, sport_praticato, eta_istruttore, nome_corso_istr) values ('CI0040', 'Nuoto', '33', 'Nuoto');
insert into istruttore(codice_imp_istr, sport_praticato, eta_istruttore, nome_corso_istr) values ('CI0041', 'Nuoto', '30', 'Acquagym');
insert into istruttore(codice_imp_istr, sport_praticato, eta_istruttore, nome_corso_istr) values ('CI0042', 'Nuoto', '27', 'Acquafitness');
insert into istruttore(codice_imp_istr, sport_praticato, eta_istruttore, nome_corso_istr) values ('CI0043', 'Fitness', '28', 'Idrobike');
insert into istruttore(codice_imp_istr, sport_praticato, eta_istruttore, nome_corso_istr) values ('CI0044', 'Nuoto', '32', 'Nuoto sincronizzato');
insert into istruttore(codice_imp_istr, sport_praticato, eta_istruttore, nome_corso_istr) values ('CI0045', 'Arti marziali', '29', 'Karate');
insert into istruttore(codice_imp_istr, sport_praticato, eta_istruttore, nome_corso_istr) values ('CI0046', 'Arti marziali', '30', 'Judo');
insert into istruttore(codice_imp_istr, sport_praticato, eta_istruttore, nome_corso_istr) values ('CI0047', 'Arti marziali', '28', 'Taekwondo');
insert into istruttore(codice_imp_istr, sport_praticato, eta_istruttore, nome_corso_istr) values ('CI0048', 'Arti marziali', '27', 'Boxe');
insert into istruttore(codice_imp_istr, sport_praticato, eta_istruttore, nome_corso_istr) values ('CI0049', 'Arti marziali', '31', 'Kickboxing');
insert into istruttore(codice_imp_istr, sport_praticato, eta_istruttore, nome_corso_istr) values ('CI0050', 'Arti marziali', '32', 'Krav maga');
insert into istruttore(codice_imp_istr, sport_praticato, eta_istruttore, nome_corso_istr) values ('CI0051', 'Calcio', '29', 'Calcio');
insert into istruttore(codice_imp_istr, sport_praticato, eta_istruttore, nome_corso_istr) values ('CI0052', 'Pallavolo', '26', 'Pallavolo');
insert into istruttore(codice_imp_istr, sport_praticato, eta_istruttore, nome_corso_istr) values ('CI0011', 'Basket', '30', 'Basket');
insert into istruttore(codice_imp_istr, sport_praticato, eta_istruttore, nome_corso_istr) values ('CI0010', 'Tennis', '28', 'Tennis');
insert into istruttore(codice_imp_istr, sport_praticato, eta_istruttore, nome_corso_istr) values ('CI0009', 'Padel', '33', 'Padel');
insert into istruttore(codice_imp_istr, sport_praticato, eta_istruttore, nome_corso_istr) values ('CI0008', 'Tennis', '29', 'Ping pong');
insert into istruttore(codice_imp_istr, sport_praticato, eta_istruttore, nome_corso_istr) values ('CI0007', 'Danza', '27', 'Danza classica');
insert into istruttore(codice_imp_istr, sport_praticato, eta_istruttore, nome_corso_istr) values ('CI0006', 'Danza', '28', 'Danza moderna');
insert into istruttore(codice_imp_istr, sport_praticato, eta_istruttore, nome_corso_istr) values ('CI0005', 'Danza', '30', 'Hip hop');
insert into istruttore(codice_imp_istr, sport_praticato, eta_istruttore, nome_corso_istr) values ('CI0004', 'Danza', '32', 'Salsa');
insert into istruttore(codice_imp_istr, sport_praticato, eta_istruttore, nome_corso_istr) values ('CI0003', 'Danza', '26', 'Bachata');
insert into istruttore(codice_imp_istr, sport_praticato, eta_istruttore, nome_corso_istr) values ('CI0002', 'Danza', '31', 'Tango');
insert into istruttore(codice_imp_istr, sport_praticato, eta_istruttore, nome_corso_istr) values ('CI0001', 'Fitness', '29', 'Pole dance');


//MEDICO

insert into medico(codice_imp_med, specializzazione, anno_abilit) values ('CI0012', 'Medicina dello Sport', '2018');
insert into medico(codice_imp_med, specializzazione, anno_abilit) values ('CI0033', 'Ortopedia e Traumatologia', '2016');
insert into medico(codice_imp_med, specializzazione, anno_abilit) values ('CI0034', 'Nutrizione e Dietetica', '2017');


//AMMINISTRATIVO

insert into amministrativo(codice_imp_amm) values ('CI0013');
insert into amministrativo(codice_imp_amm) values ('CI0017');
insert into amministrativo(codice_imp_amm) values ('CI0021');
insert into amministrativo(codice_imp_amm) values ('CI0025');
insert into amministrativo(codice_imp_amm) values ('CI0029');


//ADDETTO PULIZIE

insert into addetto_pulizie(codice_imp_add) values ('CI0014');
insert into addetto_pulizie(codice_imp_add) values ('CI0016');
insert into addetto_pulizie(codice_imp_add) values ('CI0018');
insert into addetto_pulizie(codice_imp_add) values ('CI0020');
insert into addetto_pulizie(codice_imp_add) values ('CI0022');
insert into addetto_pulizie(codice_imp_add) values ('CI0024');
insert into addetto_pulizie(codice_imp_add) values ('CI0026');
insert into addetto_pulizie(codice_imp_add) values ('CI0028');
insert into addetto_pulizie(codice_imp_add) values ('CI0030');


//ADDETTO BAR

insert into addetto_bar(codice_imp_addbar, ruolo) values ('CI0015', 'Barista');
insert into addetto_bar(codice_imp_addbar, ruolo) values ('CI0019', 'Responsabile bar');
insert into addetto_bar(codice_imp_addbar, ruolo) values ('CI0023', 'Cassiere');
insert into addetto_bar(codice_imp_addbar, ruolo) values ('CI0027', 'Cameriere');
insert into addetto_bar(codice_imp_addbar, ruolo) values ('CI0053', 'Cassiere');
insert into addetto_bar(codice_imp_addbar, ruolo) values ('CI0054', 'Barista');
insert into addetto_bar(codice_imp_addbar, ruolo) values ('CI0055', 'Responsabile bar');
insert into addetto_bar(codice_imp_addbar, ruolo) values ('CI0056', 'Cameriere');
insert into addetto_bar(codice_imp_addbar, ruolo) values ('CI0057', 'Cassiere');
insert into addetto_bar(codice_imp_addbar, ruolo) values ('CI0058', 'Barista');
insert into addetto_bar(codice_imp_addbar, ruolo) values ('CI0059', 'Responsabile bar');
insert into addetto_bar(codice_imp_addbar, ruolo) values ('CI0060', 'Cameriere');
insert into addetto_bar(codice_imp_addbar, ruolo) values ('CI0061', 'Cassiere');
insert into addetto_bar(codice_imp_addbar, ruolo) values ('CI0062', 'Barista');
insert into addetto_bar(codice_imp_addbar, ruolo) values ('CI0063', 'Responsabile bar');
insert into addetto_bar(codice_imp_addbar, ruolo) values ('CI0064', 'Cameriere');
insert into addetto_bar(codice_imp_addbar, ruolo) values ('CI0065', 'Cassiere');
insert into addetto_bar(codice_imp_addbar, ruolo) values ('CI0066', 'Barista');
insert into addetto_bar(codice_imp_addbar, ruolo) values ('CI0051', 'Responsabile bar');
insert into addetto_bar(codice_imp_addbar, ruolo) values ('CI0052', 'Cameriere');


//VISITA MEDICA

insert into visita_medica(codice_visita, esito, data_visita, codice_imp_med_vis, codice_socio_vis) values ('VM01', 'Esito positivo', date '2023-01-01', 'CI0012', 'SOC000001');
insert into visita_medica(codice_visita, esito, data_visita, codice_imp_med_vis, codice_socio_vis) values ('VM02', 'Esito positivo', date '2023-01-01', 'CI0033', 'SOC000002');
insert into visita_medica(codice_visita, esito, data_visita, codice_imp_med_vis, codice_socio_vis) values ('VM03', 'Esito positivo', date '2023-01-01', 'CI0034', 'SOC000004');
insert into visita_medica(codice_visita, esito, data_visita, codice_imp_med_vis, codice_socio_vis) values ('VM04', 'Esito positivo', date '2023-01-01', 'CI0012', 'SOC000005');
insert into visita_medica(codice_visita, esito, data_visita, codice_imp_med_vis, codice_socio_vis) values ('VM05', 'Esito positivo', date '2023-01-01', 'CI0033', 'SOC000006');
insert into visita_medica(codice_visita, esito, data_visita, codice_imp_med_vis, codice_socio_vis) values ('VM06', 'Esito positivo', date '2023-02-01', 'CI0034', 'SOC000008');
insert into visita_medica(codice_visita, esito, data_visita, codice_imp_med_vis, codice_socio_vis) values ('VM07', 'Esito positivo', date '2023-02-01', 'CI0012', 'SOC000009');
insert into visita_medica(codice_visita, esito, data_visita, codice_imp_med_vis, codice_socio_vis) values ('VM08', 'Esito positivo', date '2023-02-01', 'CI0033', 'SOC000010');
insert into visita_medica(codice_visita, esito, data_visita, codice_imp_med_vis, codice_socio_vis) values ('VM09', 'Esito positivo', date '2023-02-01', 'CI0034', 'SOC000007');
insert into visita_medica(codice_visita, esito, data_visita, codice_imp_med_vis, codice_socio_vis) values ('VM10', 'Esito positivo', date '2023-02-01', 'CI0012', 'SOC000011');
insert into visita_medica(codice_visita, esito, data_visita, codice_imp_med_vis, codice_socio_vis) values ('VM11', 'Esito positivo', date '2023-03-01', 'CI0033', 'SOC000012');
insert into visita_medica(codice_visita, esito, data_visita, codice_imp_med_vis, codice_socio_vis) values ('VM12', 'Esito positivo', date '2023-03-01', 'CI0034', 'SOC000013');
insert into visita_medica(codice_visita, esito, data_visita, codice_imp_med_vis, codice_socio_vis) values ('VM13', 'Esito positivo', date '2023-03-01', 'CI0012', 'SOC000014');
insert into visita_medica(codice_visita, esito, data_visita, codice_imp_med_vis, codice_socio_vis) values ('VM14', 'Esito positivo', date '2023-03-01', 'CI0033', 'SOC000015');
insert into visita_medica(codice_visita, esito, data_visita, codice_imp_med_vis, codice_socio_vis) values ('VM15', 'Esito positivo', date '2023-03-01', 'CI0034', 'SOC000016');
insert into visita_medica(codice_visita, esito, data_visita, codice_imp_med_vis, codice_socio_vis) values ('VM16', 'Esito positivo', date '2023-04-01', 'CI0012', 'SOC000017');
insert into visita_medica(codice_visita, esito, data_visita, codice_imp_med_vis, codice_socio_vis) values ('VM17', 'Esito positivo', date '2023-04-01', 'CI0033', 'SOC000018');
insert into visita_medica(codice_visita, esito, data_visita, codice_imp_med_vis, codice_socio_vis) values ('VM18', 'Esito positivo', date '2023-04-01', 'CI0034', 'SOC000019');
insert into visita_medica(codice_visita, esito, data_visita, codice_imp_med_vis, codice_socio_vis) values ('VM19', 'Esito positivo', date '2023-04-01', 'CI0012', 'SOC000020');
insert into visita_medica(codice_visita, esito, data_visita, codice_imp_med_vis, codice_socio_vis) values ('VM20', 'Esito positivo', date '2023-04-01', 'CI0033', 'SOC000021');
insert into visita_medica(codice_visita, esito, data_visita, codice_imp_med_vis, codice_socio_vis) values ('VM21', 'Esito positivo', date '2023-05-01', 'CI0034', 'SOC000022');
insert into visita_medica(codice_visita, esito, data_visita, codice_imp_med_vis, codice_socio_vis) values ('VM22', 'Esito positivo', date '2023-05-01', 'CI0012', 'SOC000023');
insert into visita_medica(codice_visita, esito, data_visita, codice_imp_med_vis, codice_socio_vis) values ('VM23', 'Esito positivo', date '2023-05-01', 'CI0033', 'SOC000024');
insert into visita_medica(codice_visita, esito, data_visita, codice_imp_med_vis, codice_socio_vis) values ('VM24', 'Esito positivo', date '2023-05-01', 'CI0034', 'SOC000025');
insert into visita_medica(codice_visita, esito, data_visita, codice_imp_med_vis, codice_socio_vis) values ('VM25', 'Esito positivo', date '2023-05-01', 'CI0012', 'SOC000026');
insert into visita_medica(codice_visita, esito, data_visita, codice_imp_med_vis, codice_socio_vis) values ('VM26', 'Esito positivo', date '2023-06-01', 'CI0033', 'SOC000027');
insert into visita_medica(codice_visita, esito, data_visita, codice_imp_med_vis, codice_socio_vis) values ('VM27', 'Esito positivo', date '2023-06-01', 'CI0034', 'SOC000028');
insert into visita_medica(codice_visita, esito, data_visita, codice_imp_med_vis, codice_socio_vis) values ('VM28', 'Esito positivo', date '2023-06-01', 'CI0012', 'SOC000029');
insert into visita_medica(codice_visita, esito, data_visita, codice_imp_med_vis, codice_socio_vis) values ('VM29', 'Esito positivo', date '2023-06-01', 'CI0033', 'SOC000030');
insert into visita_medica(codice_visita, esito, data_visita, codice_imp_med_vis, codice_socio_vis) values ('VM30', 'Esito positivo', date '2023-06-01', 'CI0034', 'SOC000031');
insert into visita_medica(codice_visita, esito, data_visita, codice_imp_med_vis, codice_socio_vis) values ('VM31', 'Esito positivo', date '2023-07-01', 'CI0012', 'SOC000032');
insert into visita_medica(codice_visita, esito, data_visita, codice_imp_med_vis, codice_socio_vis) values ('VM32', 'Esito positivo', date '2023-07-01', 'CI0033', 'SOC000033');
insert into visita_medica(codice_visita, esito, data_visita, codice_imp_med_vis, codice_socio_vis) values ('VM33', 'Esito positivo', date '2023-07-01', 'CI0034', 'SOC000034');
insert into visita_medica(codice_visita, esito, data_visita, codice_imp_med_vis, codice_socio_vis) values ('VM34', 'Esito positivo', date '2023-07-01', 'CI0012', 'SOC000035');
insert into visita_medica(codice_visita, esito, data_visita, codice_imp_med_vis, codice_socio_vis) values ('VM35', 'Esito positivo', date '2023-07-01', 'CI0033', 'SOC000036');
insert into visita_medica(codice_visita, esito, data_visita, codice_imp_med_vis, codice_socio_vis) values ('VM36', 'Esito positivo', date '2023-08-01', 'CI0034', 'SOC000037');
insert into visita_medica(codice_visita, esito, data_visita, codice_imp_med_vis, codice_socio_vis) values ('VM37', 'Esito positivo', date '2023-08-01', 'CI0012', 'SOC000038');
insert into visita_medica(codice_visita, esito, data_visita, codice_imp_med_vis, codice_socio_vis) values ('VM38', 'Esito positivo', date '2023-08-01', 'CI0033', 'SOC000039');
insert into visita_medica(codice_visita, esito, data_visita, codice_imp_med_vis, codice_socio_vis) values ('VM40', 'Esito positivo', date '2023-08-01', 'CI0012', 'SOC000042');
insert into visita_medica(codice_visita, esito, data_visita, codice_imp_med_vis, codice_socio_vis) values ('VM41', 'Esito positivo', date '2023-09-01', 'CI0033', 'SOC000043');
insert into visita_medica(codice_visita, esito, data_visita, codice_imp_med_vis, codice_socio_vis) values ('VM42', 'Esito positivo', date '2023-09-01', 'CI0034', 'SOC000044');
insert into visita_medica(codice_visita, esito, data_visita, codice_imp_med_vis, codice_socio_vis) values ('VM39', 'Esito positivo', date '2023-08-01', 'CI0034', 'SOC000040');


//POPOLAMENTO MAGAZZINO

insert into magazzino(codice_magazzino, telefono, via_m, cap_m, citta_m) values ('1', '0811234567', 'Via Toledo 1', '80100', 'Napoli');
insert into magazzino(codice_magazzino, telefono, via_m, cap_m, citta_m) values ('2', '0812345678', 'Via dei Tribunali 2', '80100', 'Napoli');
insert into magazzino(codice_magazzino, telefono, via_m, cap_m, citta_m) values ('3', '0813456789', 'Via San Gregorio Armeno 3', '80100', 'Napoli');


//POPOLAMENTO BAR

insert into bar(nome_bar, orario_apertura, orario_chiusura, codice_magazzino_bar) values ('The Winning Shot', to_timestamp('9:30', 'HH24:MI'), to_timestamp('22:30', 'HH24:MI'), '1');
insert into bar(nome_bar, orario_apertura, orario_chiusura, codice_magazzino_bar) values ('Goal Kick Pub', to_timestamp('10:00', 'HH24:MI'), to_timestamp('23:00', 'HH24:MI'), '2');
insert into bar(nome_bar, orario_apertura, orario_chiusura, codice_magazzino_bar) values ('Sports Lounge', to_timestamp('9:00', 'HH24:MI'), to_timestamp('22:00', 'HH24:MI'), '3');


//POPOLAMENTO ASSEGNA

insert into assegna(data_assegnazione, scadenza_assegnazione, stato, numero_armadietto_assegna, codice_abbonamento_assegna) values (date '2023-07-01', date '2023-07-31', 'non disponibile', '01', 'AB0000001');
insert into assegna(data_assegnazione, scadenza_assegnazione, stato, numero_armadietto_assegna, codice_abbonamento_assegna) values (date '2023-07-02', date '2023-08-01', 'non disponibile', '02', 'AB0000002');
insert into assegna(data_assegnazione, scadenza_assegnazione, stato, numero_armadietto_assegna, codice_abbonamento_assegna) values (date '2023-07-03', date '2023-08-02', 'non disponibile', '03', 'AB0000003');
insert into assegna(data_assegnazione, scadenza_assegnazione, stato, numero_armadietto_assegna, codice_abbonamento_assegna) values (date '2023-07-04', date '2023-08-03', 'non disponibile', '04', 'AB0000004');
insert into assegna(data_assegnazione, scadenza_assegnazione, stato, numero_armadietto_assegna, codice_abbonamento_assegna) values (date '2023-07-05', date '2023-08-04', 'non disponibile', '05', 'AB0000005');
insert into assegna(data_assegnazione, scadenza_assegnazione, stato, numero_armadietto_assegna, codice_abbonamento_assegna) values (date '2023-07-06', date '2023-08-05', 'non disponibile', '06', 'AB0000006');
insert into assegna(data_assegnazione, scadenza_assegnazione, stato, numero_armadietto_assegna, codice_abbonamento_assegna) values (date '2023-07-07', date '2023-08-06', 'non disponibile', '07', 'AB0000007');
insert into assegna(data_assegnazione, scadenza_assegnazione, stato, numero_armadietto_assegna, codice_abbonamento_assegna) values (date '2023-07-08', date '2023-08-07', 'non disponibile', '08', 'AB0000008');
insert into assegna(data_assegnazione, scadenza_assegnazione, stato, numero_armadietto_assegna, codice_abbonamento_assegna) values (date '2023-07-09', date '2023-08-08', 'non disponibile', '09', 'AB0000009');
insert into assegna(data_assegnazione, scadenza_assegnazione, stato, numero_armadietto_assegna, codice_abbonamento_assegna) values (date '2023-07-10', date '2023-08-09', 'non disponibile', '10', 'AB0000010');
insert into assegna(data_assegnazione, scadenza_assegnazione, stato, numero_armadietto_assegna, codice_abbonamento_assegna) values (date '2023-07-11', date '2023-08-10', 'non disponibile', '11', 'AB0000011');
insert into assegna(data_assegnazione, scadenza_assegnazione, stato, numero_armadietto_assegna, codice_abbonamento_assegna) values (date '2023-07-12', date '2023-08-11', 'non disponibile', '12', 'AB0000012');
insert into assegna(data_assegnazione, scadenza_assegnazione, stato, numero_armadietto_assegna, codice_abbonamento_assegna) values (date '2023-07-13', date '2023-08-12', 'non disponibile', '13', 'AB0000013');
insert into assegna(data_assegnazione, scadenza_assegnazione, stato, numero_armadietto_assegna, codice_abbonamento_assegna) values (date '2023-07-14', date '2023-08-13', 'non disponibile', '14', 'AB0000014');
insert into assegna(data_assegnazione, scadenza_assegnazione, stato, numero_armadietto_assegna, codice_abbonamento_assegna) values (date '2023-07-15', date '2023-08-14', 'non disponibile', '15', 'AB0000015');
insert into assegna(data_assegnazione, scadenza_assegnazione, stato, numero_armadietto_assegna, codice_abbonamento_assegna) values (date '2023-07-16', date '2023-08-15', 'non disponibile', '16', 'AB0000016');
insert into assegna(data_assegnazione, scadenza_assegnazione, stato, numero_armadietto_assegna, codice_abbonamento_assegna) values (date '2023-07-17', date '2023-08-16', 'non disponibile', '17', 'AB0000017');
insert into assegna(data_assegnazione, scadenza_assegnazione, stato, numero_armadietto_assegna, codice_abbonamento_assegna) values (date '2023-07-18', date '2023-08-17', 'non disponibile', '18', 'AB0000018');
insert into assegna(data_assegnazione, scadenza_assegnazione, stato, numero_armadietto_assegna, codice_abbonamento_assegna) values (date '2023-07-19', date '2023-08-18', 'non disponibile', '19', 'AB0000019');
insert into assegna(data_assegnazione, scadenza_assegnazione, stato, numero_armadietto_assegna, codice_abbonamento_assegna) values (date '2023-07-20', date '2023-08-19', 'non disponibile', '20', 'AB0000020');
insert into assegna(data_assegnazione, scadenza_assegnazione, stato, numero_armadietto_assegna, codice_abbonamento_assegna) values (date '2023-07-21', date '2023-08-20', 'non disponibile', '21', 'AB0000021');
insert into assegna(data_assegnazione, scadenza_assegnazione, stato, numero_armadietto_assegna, codice_abbonamento_assegna) values (date '2023-07-22', date '2023-08-21', 'non disponibile', '22', 'AB0000022');
insert into assegna(data_assegnazione, scadenza_assegnazione, stato, numero_armadietto_assegna, codice_abbonamento_assegna) values (date '2023-07-23', date '2023-08-22', 'non disponibile', '23', 'AB0000023');
insert into assegna(data_assegnazione, scadenza_assegnazione, stato, numero_armadietto_assegna, codice_abbonamento_assegna) values (date '2023-07-24', date '2023-08-23', 'non disponibile', '24', 'AB0000024');
insert into assegna(data_assegnazione, scadenza_assegnazione, stato, numero_armadietto_assegna, codice_abbonamento_assegna) values (date '2023-07-25', date '2023-08-24', 'non disponibile', '25', 'AB0000025');
insert into assegna(data_assegnazione, scadenza_assegnazione, stato, numero_armadietto_assegna, codice_abbonamento_assegna) values (date '2023-07-26', date '2023-08-25', 'non disponibile', '26', 'AB0000026');
insert into assegna(data_assegnazione, scadenza_assegnazione, stato, numero_armadietto_assegna, codice_abbonamento_assegna) values (date '2023-07-27', date '2023-08-26', 'non disponibile', '27', 'AB0000027');
insert into assegna(data_assegnazione, scadenza_assegnazione, stato, numero_armadietto_assegna, codice_abbonamento_assegna) values (date '2023-07-28', date '2023-08-27', 'non disponibile', '28', 'AB0000028');
insert into assegna(data_assegnazione, scadenza_assegnazione, stato, numero_armadietto_assegna, codice_abbonamento_assegna) values (date '2023-07-29', date '2023-08-28', 'non disponibile', '29', 'AB0000029');
insert into assegna(data_assegnazione, scadenza_assegnazione, stato, numero_armadietto_assegna, codice_abbonamento_assegna) values (date '2023-07-30', date '2023-08-29', 'non disponibile', '30', 'AB0000030');
insert into assegna(data_assegnazione, scadenza_assegnazione, stato, numero_armadietto_assegna, codice_abbonamento_assegna) values (date '2023-07-31', date '2023-08-30', 'non disponibile', '31', 'AB0000031');
insert into assegna(data_assegnazione, scadenza_assegnazione, stato, numero_armadietto_assegna, codice_abbonamento_assegna) values (date '2023-08-01', date '2023-08-31', 'non disponibile', '32', 'AB0000032');
insert into assegna(data_assegnazione, scadenza_assegnazione, stato, numero_armadietto_assegna, codice_abbonamento_assegna) values (date '2023-08-02', date '2023-09-01', 'non disponibile', '33', 'AB0000033');
insert into assegna(data_assegnazione, scadenza_assegnazione, stato, numero_armadietto_assegna, codice_abbonamento_assegna) values (date '2023-08-03', date '2023-09-02', 'non disponibile', '34', 'AB0000034');
insert into assegna(data_assegnazione, scadenza_assegnazione, stato, numero_armadietto_assegna, codice_abbonamento_assegna) values (date '2023-08-04', date '2023-09-03', 'non disponibile', '35', 'AB0000035');
insert into assegna(data_assegnazione, scadenza_assegnazione, stato, numero_armadietto_assegna, codice_abbonamento_assegna) values (date '2023-08-05', date '2023-09-04', 'non disponibile', '36', 'AB0000036');
insert into assegna(data_assegnazione, scadenza_assegnazione, stato, numero_armadietto_assegna, codice_abbonamento_assegna) values (date '2023-08-06', date '2023-09-05', 'non disponibile', '37', 'AB0000037');
insert into assegna(data_assegnazione, scadenza_assegnazione, stato, numero_armadietto_assegna, codice_abbonamento_assegna) values (date '2023-08-07', date '2023-09-06', 'non disponibile', '38', 'AB0000038');
insert into assegna(data_assegnazione, scadenza_assegnazione, stato, numero_armadietto_assegna, codice_abbonamento_assegna) values (date '2023-08-08', date '2023-09-07', 'non disponibile', '39', 'AB0000039');
insert into assegna(data_assegnazione, scadenza_assegnazione, stato, numero_armadietto_assegna, codice_abbonamento_assegna) values (date '2023-08-09', date '2023-09-08', 'non disponibile', '40', 'AB0000040');
insert into assegna(data_assegnazione, scadenza_assegnazione, stato, numero_armadietto_assegna, codice_abbonamento_assegna) values (date '2023-08-10', date '2023-09-09', 'non disponibile', '41', 'AB0000041');
insert into assegna(data_assegnazione, scadenza_assegnazione, stato, numero_armadietto_assegna, codice_abbonamento_assegna) values (date '2023-08-11', date '2023-09-10', 'non disponibile', '42', 'AB0000042');